raion_code,raion,year,avg_wage_agriculture,avg_wage_education,avg_wage_industry,avg_wage_public_admin,avg_wage_total,birth_rate,death_rate,divorce_rate,gross_payroll_total,housing_livable_area_thsd_m2,housing_total_area_thsd_m2,housing_units_thsd,industrial_output_mil_lei,industrial_share_of_total_pct,infant_mortality_rate,marriage_rate,natural_increase_rate
01,Mun. Chisinau,2003,,,,,,8.3,8.3,4.9,,,,,,,10.2,7.9,
01,Mun. Chisinau,2004,,,,,,9.6,8.1,5.0,,,,,,,8.6,7.7,1.5
01,Mun. Chisinau,2005,,,,,,9.2,8.7,4.8,,9582.7,14946.6,270.0,,,9.7,8.7,0.5
01,Mun. Chisinau,2006,,,,,,9.3,8.2,3.9,,9536.4,14865.4,267.0,,,10.9,9.0,1.1
01,Mun. Chisinau,2007,,,,,,9.3,8.4,4.2,,9725.5,15272.9,270.3,,,7.7,9.7,0.9
01,Mun. Chisinau,2008,,,,,,10.0,8.1,3.9,,9976.5,15806.5,275.8,15123.1,53.0,9.4,8.6,1.9
01,Mun. Chisinau,2009,,,,,,10.1,8.1,3.8,,10153.6,16192.2,279.7,13027.1,57.5,10.6,8.8,2.0
01,Mun. Chisinau,2010,,,,,,10.1,8.1,3.8,,10439.1,16621.5,282.2,16171.6,57.5,8.7,8.9,2.0
01,Mun. Chisinau,2011,,,,,,9.9,7.6,3.5,,10690.7,17088.7,286.2,20142.8,58.9,8.5,8.8,2.3
01,Mun. Chisinau,2012,,,,,,9.8,7.7,3.2,,10813.5,17337.1,288.8,21506.9,59.1,6.8,7.9,2.1
01,Mun. Chisinau,2013,,,,,,9.0,7.5,3.0,,11036.5,17792.6,293.8,22805.3,57.9,10.1,7.7,1.5
01,Mun. Chisinau,2014,,,,,,12.6,9.3,3.4,,11315.9,18111.2,293.1,24592.4,56.5,6.6,9.6,3.2
01,Mun. Chisinau,2015,3887.3,4865.9,5097.1,7055.7,5375.3,12.3,9.6,4.2,18671.6,11512.9,18499.2,297.5,26115.0,57.2,9.1,9.5,2.7
01,Mun. Chisinau,2016,4018.1,5093.2,5573.3,7688.5,5951.5,12.7,9.5,4.2,20493.2,11442.3,19771.5,283.4,26303.1,55.3,8.2,8.4,3.2
01,Mun. Chisinau,2017,4253.0,5685.5,6226.6,9788.6,6716.4,11.7,9.2,3.7,23138.4,11640.4,20078.8,292.9,28622.6,54.3,7.4,8.3,2.5
01,Mun. Chisinau,2018,4860.7,6558.6,6996.2,11459.4,7490.0,11.6,9.6,4.1,26541.8,11881.5,20426.0,297.7,30400.5,54.1,7.8,7.9,2.0
01,Mun. Chisinau,2019,5405.6,7922.3,7885.8,11945.3,8686.4,11.4,9.2,4.1,31500.7,15583.0,21019.4,305.7,30095.6,50.7,6.4,7.7,2.2
01,Mun. Chisinau,2020,5824.9,8669.5,8293.1,12609.3,9561.3,11.0,11.7,3.5,32948.8,15930.3,21499.3,311.9,30831.0,51.7,5.3,5.9,-0.7
01,Mun. Chisinau,2021,6748.9,9167.5,8971.7,13551.0,10965.0,10.5,13.7,3.7,39375.3,16304.9,22145.5,319.9,36345.8,51.5,7.0,7.5,-3.2
01,Mun. Chisinau,2022,7760.0,10392.7,10271.8,15198.8,12825.4,10.2,9.9,3.6,46776.5,16522.6,22437.8,323.1,43366.1,50.7,6.0,7.0,0.3
01,Mun. Chisinau,2023,9875.5,12271.4,11841.0,17701.4,14884.3,9.0,9.2,3.8,55741.3,16844.0,22900.1,329.0,46295.7,52.9,5.8,6.0,-0.1
01,Mun. Chisinau,2024,12135.5,13636.6,13566.3,19810.4,16955.1,9.3,9.6,3.7,64785.7,17055.9,23332.1,333.5,45690.8,53.2,17.2,6.1,-0.3
03,Mun. Balti,2003,,,,,,8.1,10.1,4.7,,,,,,,14.1,6.2,-2.0
03,Mun. Balti,2004,,,,,,9.6,10.0,4.4,,,,,,,18.0,6.2,-0.4
03,Mun. Balti,2005,,,,,,9.2,10.3,4.7,,1676.8,2526.3,51.0,,,14.4,6.8,-1.1
03,Mun. Balti,2006,,,,,,9.2,10.3,4.4,,1677.8,2535.4,51.2,,,8.1,7.1,-1.1
03,Mun. Balti,2007,,,,,,9.5,10.2,4.0,,1688.6,2561.1,51.5,,,7.1,7.6,-0.7
03,Mun. Balti,2008,,,,,,9.9,10.5,3.9,,1689.0,2561.5,51.5,3930.1,13.8,11.7,7.7,-0.6
03,Mun. Balti,2009,,,,,,10.2,9.9,3.7,,1692.0,2569.3,51.6,2669.0,11.8,8.6,7.5,0.3
03,Mun. Balti,2010,,,,,,10.6,9.7,3.5,,1588.4,2436.0,49.9,3042.8,10.8,8.3,7.3,0.9
03,Mun. Balti,2011,,,,,,10.1,9.3,3.2,,1595.9,2450.1,50.1,3456.8,10.1,8.6,7.4,0.8
03,Mun. Balti,2012,,,,,,10.2,9.1,3.3,,1600.3,2462.8,50.4,3774.8,10.4,7.3,6.9,1.1
03,Mun. Balti,2013,,,,,,9.7,9.1,3.3,,1606.0,2471.5,50.5,3201.5,8.1,9.5,7.2,0.6
03,Mun. Balti,2014,,,,,,14.5,13.2,4.2,,1612.2,2484.2,50.6,4203.5,9.6,11.6,10.6,1.3
03,Mun. Balti,2015,3673.0,4261.2,5681.3,5632.9,4728.4,14.4,13.4,5.4,2020.3,1615.6,2488.7,50.7,4912.0,10.7,8.3,10.4,0.9
03,Mun. Balti,2016,3542.8,4394.7,6118.7,6099.5,5166.7,14.6,12.8,4.7,2105.2,1865.0,3129.6,47.9,5678.5,11.9,10.2,8.6,1.8
03,Mun. Balti,2017,4295.7,4915.0,6767.2,7571.5,5613.1,12.7,13.2,4.7,2556.0,1868.8,3133.5,47.8,5757.0,10.9,11.8,8.0,-0.5
03,Mun. Balti,2018,3937.4,5568.2,7482.8,8359.8,6344.4,12.8,12.7,5.4,3045.0,1873.6,3144.3,47.9,6916.9,12.3,7.1,7.8,0.1
03,Mun. Balti,2019,4521.5,6810.1,7626.9,8890.9,6863.2,12.1,13.0,4.9,3399.6,1882.3,3154.9,48.0,7727.6,13.0,5.9,7.4,-0.9
03,Mun. Balti,2020,5019.5,7578.9,8296.6,9959.7,7618.3,11.3,15.2,4.2,3527.9,1889.0,3167.6,48.2,8421.1,14.1,6.3,6.2,-3.9
03,Mun. Balti,2021,5543.2,8151.5,8918.3,9501.6,8363.4,11.4,19.4,5.1,3971.5,1895.9,3176.3,48.2,9659.6,13.7,5.4,8.1,-8.0
03,Mun. Balti,2022,6731.3,8984.0,10596.2,11255.3,9589.6,11.3,14.1,4.9,4509.2,1914.7,3195.0,48.5,13103.0,15.3,12.2,7.4,-2.9
03,Mun. Balti,2023,8327.1,10624.7,11796.3,12895.9,10908.9,9.9,13.1,5.1,4882.8,1933.1,3220.5,48.8,12011.4,13.7,6.6,6.9,-3.1
03,Mun. Balti,2024,10390.9,12268.1,13187.9,14866.5,12496.8,10.4,13.5,5.3,5594.6,1942.5,3240.5,49.0,9931.0,11.6,7.7,6.6,-3.0
10,Anenii Noi,2003,,,,,,10.5,12.1,5.0,,,,,,,16.8,9.3,-1.6
10,Anenii Noi,2004,,,,,,10.0,11.6,5.5,,,,,,,15.5,9.5,-1.6
10,Anenii Noi,2005,,,,,,11.2,12.9,4.7,,1367.3,1924.9,29.1,,,7.8,10.0,-1.7
10,Anenii Noi,2006,,,,,,10.6,12.7,4.3,,1371.4,1931.2,29.2,,,16.8,9.1,-2.1
10,Anenii Noi,2007,,,,,,11.0,11.7,5.2,,1374.2,1935.9,29.3,,,13.3,10.6,-0.7
10,Anenii Noi,2008,,,,,,11.9,12.1,5.5,,1380.2,1945.5,29.3,450.8,1.6,12.3,8.6,-0.2
10,Anenii Noi,2009,,,,,,12.2,12.1,4.9,,1381.1,1947.4,29.3,364.2,1.6,12.9,9.5,0.1
10,Anenii Noi,2010,,,,,,11.9,12.3,4.3,,1385.6,1966.5,29.8,439.1,1.6,10.1,8.5,-0.4
10,Anenii Noi,2011,,,,,,11.2,11.4,3.0,,1389.1,1972.6,29.9,1115.7,3.3,12.7,8.3,-0.2
10,Anenii Noi,2012,,,,,,11.4,10.6,4.9,,1393.3,1980.5,30.0,645.4,1.8,9.5,8.5,0.8
10,Anenii Noi,2013,,,,,,10.8,10.4,5.5,,1395.8,1986.3,30.0,865.8,2.2,7.7,8.7,0.4
10,Anenii Noi,2014,,,,,,14.2,11.9,4.9,,1399.2,1992.3,30.1,1089.8,2.5,7.8,10.1,2.3
10,Anenii Noi,2015,3594.0,3216.9,3575.6,5329.2,3597.2,14.3,13.0,7.7,495.0,1401.5,1996.9,30.1,1113.1,2.4,2.0,10.7,1.3
10,Anenii Noi,2016,4148.1,3437.7,3931.4,5560.2,3935.6,14.1,12.8,8.6,522.6,1481.3,2094.4,29.4,1216.1,2.6,7.1,9.4,1.3
10,Anenii Noi,2017,4650.4,3937.0,4480.1,6142.4,4393.8,12.3,12.1,6.9,645.8,1481.9,2095.9,29.4,1484.9,2.8,7.1,10.2,0.2
10,Anenii Noi,2018,5181.8,4707.0,5417.6,8241.2,5332.3,11.7,13.1,6.6,698.8,1484.1,2099.9,29.4,1568.4,2.8,7.6,10.6,-1.4
10,Anenii Noi,2019,5780.1,5946.2,6443.3,8933.2,6176.6,11.6,13.5,9.0,787.3,1489.1,2103.9,29.5,1718.3,2.9,6.6,11.2,-1.9
10,Anenii Noi,2020,6604.2,6479.8,6713.7,9451.6,6732.0,11.0,15.1,6.6,868.2,1493.6,2110.8,29.5,1699.1,2.8,11.4,8.1,-4.1
10,Anenii Noi,2021,7725.7,7032.6,7042.4,8195.5,7119.7,11.6,18.6,8.0,905.4,1495.7,2113.5,29.5,1890.5,2.7,15.2,11.4,-7.1
10,Anenii Noi,2022,8883.3,7831.3,8032.5,10049.7,8292.6,10.0,13.9,8.5,1043.8,1498.0,2116.9,29.5,2505.2,2.9,8.2,11.3,-3.8
10,Anenii Noi,2023,9309.5,9342.3,9666.7,10947.6,9722.8,9.1,13.0,9.6,1269.1,1499.7,2119.3,29.5,2673.3,3.1,11.2,11.6,-3.9
10,Anenii Noi,2024,11005.1,10796.4,12234.4,13050.8,11522.4,9.5,13.0,9.7,1503.8,1501.7,2122.8,29.6,2765.5,3.2,7.4,9.5,-3.5
12,Basarabeasca,2003,,,,,,9.9,13.8,4.9,,,,,,,17.0,6.6,-3.9
12,Basarabeasca,2004,,,,,,9.9,11.7,4.4,,,,,,,10.2,7.1,-1.8
12,Basarabeasca,2005,,,,,,9.9,13.0,3.9,,354.1,571.1,10.8,,,20.4,6.6,-3.1
12,Basarabeasca,2006,,,,,,10.1,14.0,3.9,,354.6,571.5,10.8,,,16.7,6.8,-3.9
12,Basarabeasca,2007,,,,,,10.8,13.1,3.5,,356.5,573.9,10.8,,,15.9,6.4,-2.3
12,Basarabeasca,2008,,,,,,10.0,11.4,4.1,,357.5,575.4,10.8,65.9,0.2,10.2,5.9,-1.4
12,Basarabeasca,2009,,,,,,9.4,13.5,3.7,,359.0,577.2,10.8,12.8,0.1,21.5,5.6,-4.1
12,Basarabeasca,2010,,,,,,8.2,13.3,3.7,,359.5,577.9,10.9,33.8,0.1,8.3,6.2,-5.1
12,Basarabeasca,2011,,,,,,9.2,11.4,3.4,,359.8,578.3,11.0,43.8,0.1,3.8,6.3,-2.2
12,Basarabeasca,2012,,,,,,9.2,12.3,2.7,,360.0,578.4,10.9,40.3,0.1,22.6,5.9,-3.1
12,Basarabeasca,2013,,,,,,8.3,11.8,3.1,,360.1,578.6,10.9,62.4,0.2,20.5,5.6,-3.5
12,Basarabeasca,2014,,,,,,12.8,14.6,5.1,,361.1,580.0,10.9,47.1,0.1,11.8,8.1,-1.8
12,Basarabeasca,2015,2167.2,3411.7,3558.2,4883.2,3501.4,13.8,18.3,4.6,192.0,361.0,579.7,10.9,89.9,0.2,18.5,7.1,-4.5
12,Basarabeasca,2016,2192.7,3555.3,4229.1,5090.3,3845.2,12.4,17.1,3.5,172.0,434.6,673.4,10.4,86.0,0.2,4.2,7.0,-4.7
12,Basarabeasca,2017,2772.4,3891.5,4201.7,5266.8,4154.0,13.5,16.1,3.5,184.6,435.1,674.2,10.4,78.6,0.1,19.8,7.0,-2.6
12,Basarabeasca,2018,3415.5,4457.8,4704.1,5639.2,4343.0,13.2,14.5,1.2,213.9,435.8,675.7,10.4,82.2,0.2,8.3,7.2,-1.3
12,Basarabeasca,2019,3803.2,5608.4,5317.9,6281.9,4986.7,12.3,15.5,1.4,226.6,435.1,674.5,10.4,79.6,0.1,,7.9,-3.2
12,Basarabeasca,2020,3784.5,6309.8,6013.7,7305.2,5412.5,11.6,19.3,1.0,234.6,436.3,676.2,10.4,86.3,0.1,15.1,5.4,-7.6
12,Basarabeasca,2021,4880.2,6555.2,6013.3,7480.7,5918.2,10.8,21.0,1.3,256.2,436.9,677.5,10.4,73.4,0.1,11.1,8.0,-10.2
12,Basarabeasca,2022,5511.1,7463.1,6687.0,9068.0,7350.8,11.2,18.2,1.3,311.9,437.6,678.6,10.4,79.7,0.1,5.5,7.0,-7.1
12,Basarabeasca,2023,6530.9,8782.5,11430.1,10334.0,9220.2,8.6,15.0,1.5,405.2,438.1,679.2,10.4,78.5,0.1,,6.3,-6.4
12,Basarabeasca,2024,7958.4,10168.0,13849.5,12521.9,10489.6,8.7,15.7,1.1,429.4,438.5,679.4,10.4,83.9,0.1,,5.3,-7.0
14,Briceni,2003,,,,,,9.5,16.9,3.2,,,,,,,16.2,6.9,-7.4
14,Briceni,2004,,,,,,9.7,15.4,3.4,,,,,,,10.7,6.2,-5.7
14,Briceni,2005,,,,,,9.7,16.9,3.8,,1247.3,1830.4,33.4,,,13.3,6.9,-7.2
14,Briceni,2006,,,,,,9.9,17.0,2.9,,1259.5,1832.1,33.4,,,15.7,7.3,-7.1
14,Briceni,2007,,,,,,9.8,16.0,3.1,,1259.5,1832.8,33.5,,,14.6,7.5,-6.2
14,Briceni,2008,,,,,,10.1,15.8,2.6,,1250.1,1820.2,33.3,55.8,0.2,11.8,6.5,-5.7
14,Briceni,2009,,,,,,10.1,15.4,3.2,,1249.9,1820.0,33.3,35.4,0.1,13.1,6.3,-5.3
14,Briceni,2010,,,,,,10.6,15.9,2.2,,1251.2,1823.7,33.2,38.3,0.1,13.9,6.7,-5.3
14,Briceni,2011,,,,,,9.5,15.7,2.5,,1255.0,1829.0,33.3,57.7,0.2,9.7,6.0,-6.2
14,Briceni,2012,,,,,,9.9,14.7,3.2,,1255.9,1830.9,33.3,66.4,0.2,6.9,6.1,-4.8
14,Briceni,2013,,,,,,9.0,15.1,2.9,,1256.7,1833.5,33.3,80.4,0.2,10.5,6.2,-6.1
14,Briceni,2014,,,,,,10.3,17.2,3.2,,1257.8,1836.7,33.3,108.1,0.3,8.8,7.0,-6.8
14,Briceni,2015,2366.2,3058.2,4215.6,4934.7,3296.1,11.0,17.1,3.0,282.3,1259.9,1840.5,33.3,99.9,0.2,7.1,7.6,-6.1
14,Briceni,2016,2573.8,3140.8,4718.6,4657.3,3464.4,10.9,16.5,3.6,289.5,1317.3,1936.6,33.4,91.1,0.2,2.9,6.3,-5.6
14,Briceni,2017,3114.4,3882.9,5386.6,5019.7,4131.8,10.5,17.0,2.9,325.0,1316.9,1936.1,33.4,108.0,0.2,14.1,5.6,-6.6
14,Briceni,2018,3230.2,4610.3,5776.9,5696.7,4654.5,10.2,16.8,3.2,373.2,1322.7,1943.7,33.4,115.6,0.2,10.0,5.8,-6.6
14,Briceni,2019,3688.6,5007.4,6394.9,6156.9,5078.3,9.8,17.5,3.2,453.2,1326.2,1949.0,33.5,159.1,0.3,8.9,7.0,-7.7
14,Briceni,2020,4073.9,5566.6,7737.1,7014.2,5707.7,8.8,20.3,2.5,473.8,1332.3,1957.9,33.5,139.7,0.2,16.1,5.0,-11.5
14,Briceni,2021,4154.9,5857.8,7681.5,7573.1,6129.9,9.8,22.7,3.0,543.9,1334.2,1960.8,33.5,116.9,0.2,7.5,7.8,-12.9
14,Briceni,2022,4627.4,6869.6,8220.0,8794.1,6811.0,8.5,19.3,3.0,607.4,1335.3,1962.7,33.4,128.6,0.2,6.7,6.3,-10.8
14,Briceni,2023,5739.0,7626.1,9413.4,10129.9,8049.9,7.9,18.3,3.4,658.4,1335.2,1963.0,33.4,237.3,0.3,2.6,5.9,-10.4
14,Briceni,2024,6357.4,9289.4,11550.1,12912.4,9433.1,8.9,18.4,3.3,816.8,1335.6,1964.3,33.4,252.6,0.3,9.5,6.2,-9.5
17,Cahul,2003,,,,,,10.9,11.3,3.9,,,,,,,17.5,6.7,-0.4
17,Cahul,2004,,,,,,10.7,10.3,3.8,,,,,,,13.3,6.5,0.4
17,Cahul,2005,,,,,,11.0,10.8,3.4,,1677.2,2501.4,39.6,,,13.9,7.0,0.2
17,Cahul,2006,,,,,,10.9,11.4,3.8,,1678.0,2503.0,39.6,,,13.2,7.1,-0.5
17,Cahul,2007,,,,,,10.7,10.9,3.2,,1723.0,2583.3,39.8,,,12.7,7.3,-0.2
17,Cahul,2008,,,,,,11.2,10.5,2.7,,1724.4,2585.7,39.8,415.2,1.5,8.1,7.3,0.7
17,Cahul,2009,,,,,,10.6,11.3,2.6,,1729.9,2594.5,39.8,335.1,1.5,17.3,6.4,-0.7
17,Cahul,2010,,,,,,12.2,11.8,2.8,,1724.8,2598.7,39.4,351.2,1.2,10.4,6.8,0.5
17,Cahul,2011,,,,,,10.6,10.0,2.9,,1728.4,2604.8,39.1,357.1,1.0,6.5,6.3,0.6
17,Cahul,2012,,,,,,11.1,10.0,2.5,,1728.5,2606.8,39.4,362.3,1.0,11.7,5.8,1.1
17,Cahul,2013,,,,,,11.4,10.1,2.3,,1728.9,2610.3,39.4,415.8,1.1,9.2,6.3,1.3
17,Cahul,2014,,,,,,14.0,13.7,3.6,,1732.1,2615.9,39.5,423.7,1.0,5.9,8.6,0.3
17,Cahul,2015,2978.3,3650.1,3879.5,5089.2,3855.6,14.7,13.1,3.1,747.6,1737.9,2623.9,39.6,460.0,1.0,5.0,7.6,1.6
17,Cahul,2016,3300.3,3865.3,4363.6,5406.8,4238.8,13.6,13.2,3.6,830.1,1948.7,2905.5,38.5,491.2,1.0,7.1,7.0,0.4
17,Cahul,2017,3809.0,4236.2,4840.6,6732.7,4728.1,13.6,12.9,2.8,937.2,1954.9,2915.2,38.6,542.2,1.0,4.1,6.8,0.7
17,Cahul,2018,4223.3,4891.0,5453.1,7730.0,5310.0,12.4,14.1,3.9,1060.5,1956.9,2919.7,38.6,528.3,0.9,8.2,7.5,-1.7
17,Cahul,2019,4760.5,5980.7,6070.7,8492.0,6075.5,11.7,13.7,4.1,1219.6,1964.7,2931.1,38.8,562.7,1.0,9.0,7.7,-2.0
17,Cahul,2020,5048.9,6664.8,6657.5,9225.8,6750.6,11.3,15.8,3.4,1299.2,1970.3,2940.0,38.8,625.0,1.1,11.5,5.5,-4.4
17,Cahul,2021,5415.8,7149.8,7308.9,8537.5,7424.1,10.8,17.4,4.0,1429.9,1980.8,2956.3,39.0,583.1,0.8,6.7,7.6,-6.5
17,Cahul,2022,6753.3,7877.5,9262.4,10091.9,8725.7,10.3,15.2,3.4,1668.3,1990.1,2969.3,39.1,744.0,0.9,7.3,6.9,-4.9
17,Cahul,2023,7928.0,9588.8,11290.3,12081.3,10450.0,10.2,15.2,3.7,2122.3,1994.6,2976.6,39.2,846.7,1.0,12.9,6.4,-5.0
17,Cahul,2024,8469.3,10828.0,11955.1,14490.7,11742.9,9.3,14.2,3.7,2378.1,2002.1,2985.4,39.3,959.3,1.1,8.7,6.1,-4.9
21,Cantemir,2003,,,,,,11.9,11.3,3.3,,,,,,,20.7,6.3,0.6
21,Cantemir,2004,,,,,,12.0,10.0,3.7,,,,,,,20.7,7.3,2.0
21,Cantemir,2005,,,,,,12.7,10.7,2.5,,1075.9,1441.8,19.0,,,12.4,7.6,2.0
21,Cantemir,2006,,,,,,11.9,11.2,3.6,,1077.8,1444.5,19.0,,,7.9,6.7,0.7
21,Cantemir,2007,,,,,,11.8,11.5,3.5,,1079.8,1447.0,19.0,,,9.4,8.3,0.3
21,Cantemir,2008,,,,,,11.7,11.7,3.7,,1081.4,1449.2,19.0,80.4,0.3,16.1,6.5,
21,Cantemir,2009,,,,,,12.8,12.1,2.8,,1081.6,1449.3,19.0,82.1,0.4,10.0,6.3,0.7
21,Cantemir,2010,,,,,,12.4,13.4,2.8,,1082.9,1451.6,18.3,85.9,0.3,14.1,6.6,-1.1
21,Cantemir,2011,,,,,,10.9,10.8,2.9,,1083.6,1452.7,18.3,78.2,0.2,8.6,6.2,0.1
21,Cantemir,2012,,,,,,13.1,11.2,2.3,,1084.7,1454.5,18.4,107.4,0.3,14.9,6.0,1.9
21,Cantemir,2013,,,,,,12.1,10.6,3.1,,1086.9,1459.0,18.4,272.9,0.7,9.1,5.9,1.5
21,Cantemir,2014,,,,,,16.8,14.9,3.4,,1087.6,1460.2,18.4,221.0,0.5,17.9,9.0,2.0
21,Cantemir,2015,2785.2,3341.9,3435.9,4480.6,3252.8,17.1,14.5,3.7,209.0,1088.2,1461.1,18.4,284.1,0.6,3.8,8.8,2.7
21,Cantemir,2016,2953.4,3530.0,3750.6,4837.6,3565.8,16.4,14.8,3.7,245.2,1123.3,1511.6,19.4,291.2,0.6,16.4,8.4,1.6
21,Cantemir,2017,3407.3,3855.1,4252.0,4838.1,4009.3,15.1,15.3,2.7,257.9,1125.4,1516.4,19.5,361.0,0.7,13.8,7.7,-0.2
21,Cantemir,2018,4779.7,4395.8,4682.2,5420.5,4712.1,14.1,14.5,2.2,299.2,1126.2,1517.8,19.5,349.6,0.6,6.9,7.9,-0.4
21,Cantemir,2019,4847.5,5411.9,5391.8,6167.1,5384.9,14.5,15.5,2.6,327.9,1124.7,1515.3,19.4,349.0,0.6,12.1,8.3,-0.9
21,Cantemir,2020,5241.5,6144.2,5902.8,6923.3,6139.0,13.7,16.0,2.5,363.6,1126.0,1517.3,19.4,352.5,0.6,18.8,6.2,-2.3
21,Cantemir,2021,6376.2,6548.3,6257.1,7359.5,6901.2,12.5,19.4,2.8,411.4,1126.6,1518.3,19.4,98.9,0.1,12.7,9.0,-6.9
21,Cantemir,2022,6888.0,7253.6,6491.2,8220.1,7520.6,11.1,14.6,3.1,444.4,1127.1,1519.0,19.4,100.4,0.1,17.4,7.4,-3.5
21,Cantemir,2023,7918.4,8979.5,7226.0,9709.2,9047.7,11.6,15.8,2.1,505.9,1127.7,1519.9,19.4,119.9,0.1,19.7,7.1,-4.1
21,Cantemir,2024,9392.7,10184.9,8861.5,11450.9,10428.7,11.3,16.1,3.1,563.6,1127.9,1520.2,19.4,103.9,0.1,2.6,6.3,-4.8
25,Calarasi,2003,,,,,,10.3,13.1,2.8,,,,,,,15.7,6.3,-2.8
25,Calarasi,2004,,,,,,10.3,14.1,3.4,,,,,,,9.6,6.2,-3.8
25,Calarasi,2005,,,,,,11.3,15.3,3.4,,1239.4,1646.1,28.9,,,20.3,6.8,-4.0
25,Calarasi,2006,,,,,,10.7,14.0,2.9,,1240.3,1648.0,28.9,,,12.7,6.9,-3.3
25,Calarasi,2007,,,,,,11.0,14.9,3.0,,1242.0,1651.4,28.9,,,6.9,7.5,-3.9
25,Calarasi,2008,,,,,,10.0,13.3,3.1,,1243.6,1653.8,28.9,229.4,0.8,10.0,6.8,-3.3
25,Calarasi,2009,,,,,,12.4,14.3,3.1,,1246.1,1657.6,29.0,212.5,0.9,18.0,7.0,-1.9
25,Calarasi,2010,,,,,,11.7,14.9,3.3,,1248.1,1661.6,29.1,272.2,1.0,14.8,7.2,-3.1
25,Calarasi,2011,,,,,,11.3,12.2,2.9,,1250.7,1665.3,29.1,269.7,0.8,9.0,6.9,-0.9
25,Calarasi,2012,,,,,,11.1,12.8,3.4,,1253.8,1669.7,29.2,325.6,0.9,6.9,6.7,-1.7
25,Calarasi,2013,,,,,,11.5,12.2,2.9,,1256.3,1673.6,29.2,239.4,0.6,8.9,6.9,-0.8
25,Calarasi,2014,,,,,,16.3,17.5,3.9,,1261.2,1681.9,29.3,280.4,0.7,9.4,9.1,-1.2
25,Calarasi,2015,3682.1,3347.8,3990.6,4309.0,3800.2,17.5,17.4,4.2,312.2,1263.6,1686.3,29.3,287.7,0.6,14.8,8.7,0.2
25,Calarasi,2016,3867.0,3628.4,4258.4,4439.5,4111.9,16.0,16.2,3.8,319.3,1365.5,1822.6,29.5,283.6,0.6,8.9,8.9,-0.2
25,Calarasi,2017,4027.9,3994.7,4753.9,4586.2,4464.6,15.3,16.6,4.6,343.6,1369.8,1831.1,28.9,293.3,0.6,14.5,8.3,-1.4
25,Calarasi,2018,4325.1,4530.5,5000.6,4922.5,4733.4,15.2,17.2,4.4,398.1,1372.5,1836.2,28.3,303.9,0.5,7.5,8.4,-1.9
25,Calarasi,2019,4648.5,5769.9,5685.9,5943.1,5699.1,14.1,17.6,4.2,436.6,1374.5,1839.8,28.4,313.0,0.5,2.8,8.0,-3.5
25,Calarasi,2020,5041.5,6322.6,5933.4,6509.3,6172.1,12.5,18.5,3.0,463.3,1376.7,1843.1,28.4,292.1,0.5,11.2,6.2,-6.0
25,Calarasi,2021,5474.8,6521.5,6747.0,7008.0,6765.6,12.6,19.2,4.6,527.7,1379.0,1846.3,28.4,367.4,0.5,4.9,8.2,-6.6
25,Calarasi,2022,6750.8,7268.9,7735.4,8235.6,7739.1,12.2,17.4,4.0,585.8,1396.3,1870.5,28.5,400.6,0.5,7.0,7.3,-5.2
25,Calarasi,2023,8840.5,8915.1,9278.6,9533.3,9345.9,10.7,15.7,4.2,680.1,1396.2,1870.3,28.5,454.3,0.5,10.2,6.5,-5.0
25,Calarasi,2024,9532.0,10254.1,10997.6,11167.9,10770.1,10.8,17.4,3.7,814.8,1397.5,1871.9,28.5,504.7,0.6,12.4,6.0,-6.6
27,Causeni,2003,,,,,,11.5,13.2,3.3,,,,,,,11.4,7.2,-1.7
27,Causeni,2004,,,,,,12.5,12.8,3.4,,,,,,,14.8,6.7,-0.3
27,Causeni,2005,,,,,,11.3,13.5,3.6,,1427.9,2177.9,32.9,,,6.5,6.9,-2.2
27,Causeni,2006,,,,,,11.3,13.0,3.4,,1430.3,2181.8,33.0,,,10.4,6.5,-1.7
27,Causeni,2007,,,,,,11.4,13.9,3.3,,1434.3,2185.7,33.1,,,10.4,7.4,-2.5
27,Causeni,2008,,,,,,11.6,13.2,3.1,,1434.3,2185.7,33.1,144.7,0.5,9.3,6.7,-1.6
27,Causeni,2009,,,,,,11.7,12.4,3.0,,1413.9,2176.6,33.0,118.0,0.5,7.4,6.8,-0.7
27,Causeni,2010,,,,,,11.8,13.0,2.8,,1413.4,2174.8,33.0,163.3,0.6,10.1,7.1,-1.2
27,Causeni,2011,,,,,,11.3,11.3,2.7,,1406.9,2164.8,32.9,106.5,0.3,10.5,6.9,
27,Causeni,2012,,,,,,10.4,11.7,2.9,,1407.9,2166.9,32.9,104.2,0.3,11.6,6.0,-1.3
27,Causeni,2013,,,,,,11.0,11.2,2.8,,1395.6,2140.1,31.3,138.7,0.3,12.1,6.0,-0.2
27,Causeni,2014,,,,,,13.3,14.8,4.6,,1397.3,2142.6,31.3,155.3,0.3,14.0,8.1,-1.5
27,Causeni,2015,3041.2,3247.0,3370.0,4855.0,3475.9,13.5,14.0,3.6,383.1,1398.4,2144.1,31.3,167.6,0.4,6.0,7.8,-0.6
27,Causeni,2016,3558.4,3390.7,3998.2,5185.6,3865.6,13.8,13.7,3.4,408.4,1587.5,2378.0,30.8,184.9,0.4,8.8,7.2,0.1
27,Causeni,2017,3777.6,3658.1,4437.7,5239.2,4093.4,12.7,13.9,2.9,453.3,1592.5,2387.2,30.9,203.3,0.4,9.7,7.1,-1.2
27,Causeni,2018,4506.9,4166.1,4591.1,5797.7,4602.5,12.0,14.3,5.7,520.4,1593.9,2389.4,31.0,395.8,0.7,7.0,6.8,-2.3
27,Causeni,2019,5109.6,5233.0,5734.6,6399.7,5459.4,11.9,14.6,5.1,645.7,1595.6,2392.5,31.0,356.9,0.6,9.6,6.9,-2.6
27,Causeni,2020,4915.4,5890.1,6268.0,7006.3,5990.9,11.4,15.3,5.0,688.7,1598.7,2397.3,31.0,360.1,0.6,7.7,5.4,-4.0
27,Causeni,2021,6047.3,6311.2,6720.0,8185.5,6859.0,11.5,16.3,6.0,801.2,1601.4,2402.2,31.1,441.3,0.6,6.5,7.2,-4.8
27,Causeni,2022,6965.3,7166.7,7586.0,9707.6,7709.2,9.3,14.8,5.3,926.5,1606.2,2410.4,31.2,484.1,0.5,10.0,6.4,-5.4
27,Causeni,2023,8995.2,8635.5,9457.9,11188.1,9371.2,9.6,14.2,5.3,1079.3,1607.8,2412.7,31.2,645.1,0.7,8.4,5.7,-4.6
27,Causeni,2024,9943.4,9582.5,10333.7,12921.0,10511.9,9.3,15.5,6.2,1218.0,1608.9,2414.6,31.2,458.7,0.5,12.5,5.0,-6.2
29,Cimislia,2003,,,,,,9.7,12.5,3.7,,,,,,,22.7,5.9,-2.8
29,Cimislia,2004,,,,,,10.3,12.2,6.8,,,,,,,18.1,7.9,-1.9
29,Cimislia,2005,,,,,,9.9,12.9,4.7,,935.8,1452.0,22.7,,,15.6,6.7,-3.0
29,Cimislia,2006,,,,,,8.7,12.6,3.2,,940.1,1458.4,22.8,,,5.2,6.3,-3.9
29,Cimislia,2007,,,,,,8.3,12.3,4.0,,942.8,1461.7,22.8,,,5.5,6.6,-4.0
29,Cimislia,2008,,,,,,8.4,12.7,3.0,,945.2,1465.2,22.9,60.4,0.2,9.5,6.2,-4.3
29,Cimislia,2009,,,,,,9.4,12.3,3.6,,950.0,1473.0,22.8,87.1,0.4,12.0,7.6,-2.9
29,Cimislia,2010,,,,,,9.2,13.4,3.7,,956.0,1476.8,22.8,81.8,0.3,17.5,7.0,-4.2
29,Cimislia,2011,,,,,,9.3,12.6,3.6,,957.7,1475.2,22.8,88.4,0.3,10.5,6.9,-3.3
29,Cimislia,2012,,,,,,9.4,12.4,3.0,,960.0,1477.8,22.6,126.5,0.3,8.7,5.8,-3.0
29,Cimislia,2013,,,,,,9.4,10.7,3.2,,948.1,1463.8,22.2,167.5,0.4,8.8,6.8,-1.3
29,Cimislia,2014,,,,,,14.8,17.7,3.9,,940.5,1458.9,22.1,119.3,0.3,4.7,10.5,-2.9
29,Cimislia,2015,2952.6,3389.8,3995.5,4373.4,3392.2,14.6,17.5,5.1,233.4,939.6,1457.5,22.1,173.9,0.4,22.9,8.8,-2.9
29,Cimislia,2016,3572.1,3590.6,4326.7,4550.3,3830.1,15.2,18.6,4.5,234.6,1012.6,1558.7,21.3,113.4,0.2,4.9,9.5,-3.4
29,Cimislia,2017,3524.1,3928.6,4819.4,4984.3,4054.9,13.3,18.2,4.2,292.1,1015.8,1564.5,21.4,147.7,0.3,3.9,8.2,-4.9
29,Cimislia,2018,4157.2,4495.7,5686.6,5543.2,4658.3,14.5,20.6,5.6,311.7,1018.3,1569.0,21.4,181.6,0.3,5.5,10.0,-6.1
29,Cimislia,2019,4815.3,5460.0,6440.1,6536.0,5552.2,11.8,19.7,7.1,367.3,1021.6,1575.2,21.4,190.5,0.3,14.2,10.0,-7.9
29,Cimislia,2020,4668.4,5922.2,6764.4,6695.6,5918.5,12.3,21.8,4.4,399.6,1024.3,1579.3,21.5,190.8,0.3,11.6,7.4,-9.4
29,Cimislia,2021,5318.4,6255.0,7008.5,7350.1,6428.4,12.0,23.6,4.9,460.3,1027.1,1583.3,21.5,256.8,0.4,12.3,9.5,-11.6
29,Cimislia,2022,6459.3,7088.0,8317.2,8436.1,7560.4,11.4,19.1,5.9,512.5,1027.5,1583.9,21.5,426.3,0.5,13.3,8.9,-7.7
29,Cimislia,2023,8303.3,8488.7,10155.1,10051.1,9111.9,9.9,18.0,4.6,606.7,1030.1,1587.0,21.5,478.0,0.6,6.3,6.9,-8.2
29,Cimislia,2024,9433.4,9791.1,11359.2,11969.2,10266.1,10.9,18.2,5.4,698.8,1031.5,1588.8,21.6,485.9,0.6,5.8,7.0,-7.2
31,Criuleni,2003,,,,,,11.4,11.3,2.6,,,,,,,15.9,6.5,0.1
31,Criuleni,2004,,,,,,11.8,11.9,3.1,,,,,,,9.3,7.5,-0.1
31,Criuleni,2005,,,,,,12.1,13.7,3.3,,1430.2,2113.4,25.8,,,14.8,8.8,-1.6
31,Criuleni,2006,,,,,,12.0,12.6,2.7,,1431.7,2115.5,25.9,,,12.6,8.3,-0.6
31,Criuleni,2007,,,,,,13.2,12.9,3.4,,1431.1,2116.0,25.9,,,10.5,8.8,0.3
31,Criuleni,2008,,,,,,13.6,13.0,2.7,,1432.4,2118.0,25.9,102.9,0.4,8.1,7.8,0.6
31,Criuleni,2009,,,,,,13.8,11.5,3.0,,1426.4,2108.2,25.7,97.4,0.4,16.0,8.2,2.3
31,Criuleni,2010,,,,,,14.1,12.6,2.5,,1428.7,2109.7,25.6,122.0,0.4,13.7,7.9,1.5
31,Criuleni,2011,,,,,,13.2,10.4,2.9,,1427.9,2108.7,25.7,136.8,0.4,9.2,7.6,2.8
31,Criuleni,2012,,,,,,13.0,10.9,2.6,,1428.7,2110.0,25.7,237.4,0.7,11.5,7.7,2.1
31,Criuleni,2013,,,,,,12.8,10.7,3.0,,1430.0,2112.4,25.7,322.6,0.8,3.2,7.3,2.1
31,Criuleni,2014,,,,,,16.1,12.4,3.6,,1430.5,2113.2,25.7,395.9,0.9,11.2,9.2,3.7
31,Criuleni,2015,2727.9,3185.9,5159.5,4520.4,3811.6,15.4,13.3,3.6,341.4,1431.8,2115.5,25.7,510.0,1.1,7.9,8.8,2.1
31,Criuleni,2016,3298.8,3413.2,5798.0,5291.4,4252.2,15.9,12.9,3.1,360.8,1432.5,2116.5,25.7,448.5,0.9,5.8,8.0,3.0
31,Criuleni,2017,4661.7,3898.4,7026.8,5294.3,4911.1,14.7,12.2,2.8,424.1,1423.5,2084.0,25.7,507.1,1.0,5.4,7.9,2.5
31,Criuleni,2018,3907.3,4474.9,8215.3,5847.4,5216.3,14.5,12.9,3.7,467.2,1407.1,2075.4,25.5,493.1,0.9,8.9,7.7,1.6
31,Criuleni,2019,5052.0,5460.4,8522.4,6777.0,6253.6,14.4,12.7,3.2,518.2,1412.5,2082.9,25.6,521.8,0.9,5.7,7.8,1.7
31,Criuleni,2020,5348.4,6245.3,8298.2,7396.8,6679.0,12.5,14.5,3.2,579.0,1420.4,2091.6,25.7,572.3,1.0,14.8,6.3,-2.0
31,Criuleni,2021,6215.1,6619.3,9047.8,8214.1,7315.3,11.9,15.2,3.2,694.5,1430.6,2106.3,25.8,684.7,1.0,13.0,8.7,-3.3
31,Criuleni,2022,7758.4,7582.3,10202.4,9849.0,8540.3,11.4,14.1,3.1,789.5,1438.0,2119.4,26.0,1240.5,1.4,14.0,7.3,-2.8
31,Criuleni,2023,9405.4,9000.1,11805.5,11573.8,10258.9,11.3,13.5,3.9,951.5,1441.7,2125.2,26.0,1247.4,1.4,8.1,6.2,-2.1
31,Criuleni,2024,10035.5,10398.3,13469.9,13523.5,11828.8,10.7,13.4,4.8,1125.6,1442.0,2125.8,26.0,1499.5,1.7,8.8,6.3,-2.8
34,Donduseni,2003,,,,,,8.9,16.9,4.8,,,,,,,14.3,5.7,-8.0
34,Donduseni,2004,,,,,,9.4,17.6,4.5,,,,,,,9.0,5.6,-8.2
34,Donduseni,2005,,,,,,8.9,17.3,4.7,,1017.5,1394.7,25.2,,,12.0,6.0,-8.4
34,Donduseni,2006,,,,,,8.7,19.1,3.4,,1003.3,1376.6,25.0,,,19.8,5.4,-10.4
34,Donduseni,2007,,,,,,8.3,17.2,3.1,,1017.2,1395.1,25.5,,,10.2,5.8,-8.9
34,Donduseni,2008,,,,,,8.5,17.6,3.0,,1016.9,1394.6,25.5,120.1,0.4,5.1,5.3,-9.1
34,Donduseni,2009,,,,,,9.6,17.3,2.8,,1016.0,1393.4,25.5,154.7,0.7,12.2,5.4,-7.7
34,Donduseni,2010,,,,,,9.4,18.8,3.2,,1026.2,1407.8,25.5,242.4,0.9,16.4,5.1,-9.5
34,Donduseni,2011,,,,,,9.3,17.9,3.1,,1026.2,1407.3,25.5,150.0,0.4,28.7,5.2,-8.6
34,Donduseni,2012,,,,,,9.5,17.4,2.6,,1007.0,1340.0,23.7,164.1,0.5,16.5,5.3,-7.9
34,Donduseni,2013,,,,,,10.0,16.7,2.6,,1003.9,1335.7,23.6,173.6,0.4,9.1,6.0,-6.7
34,Donduseni,2014,,,,,,12.3,21.2,3.9,,1004.0,1335.8,23.6,183.2,0.4,11.1,6.4,-8.9
34,Donduseni,2015,2419.5,2992.6,5834.8,4315.8,3514.4,12.0,19.3,3.7,222.0,1004.4,1336.4,23.6,190.2,0.4,6.8,7.1,-7.3
34,Donduseni,2016,2903.9,3189.5,6967.0,4793.8,4025.3,11.9,19.3,3.3,229.9,960.4,1281.8,22.2,207.7,0.4,11.6,6.5,-7.4
34,Donduseni,2017,3269.3,3457.4,7438.9,4804.5,4269.6,11.1,19.2,3.7,244.1,961.1,1282.7,22.2,199.0,0.4,7.5,5.8,-8.1
34,Donduseni,2018,3935.1,4019.5,7241.0,5274.1,4751.8,12.6,18.2,3.1,255.3,961.9,1283.9,22.3,87.9,0.2,13.4,5.5,-5.6
34,Donduseni,2019,4268.1,4964.5,7495.4,6089.3,5424.8,9.9,18.3,3.3,311.0,962.5,1284.6,22.3,128.9,0.2,11.7,6.1,-8.4
34,Donduseni,2020,4172.9,5787.0,7744.8,6786.0,5939.9,10.8,20.0,3.5,338.4,963.5,1286.2,22.3,114.3,0.2,5.4,4.3,-9.2
34,Donduseni,2021,4894.7,5978.6,8110.6,7134.4,6523.6,10.0,23.6,3.8,393.0,964.0,1287.0,22.3,125.8,0.2,3.0,7.3,-13.6
34,Donduseni,2022,5637.2,6854.4,8907.5,8402.5,7246.5,9.2,19.5,4.1,429.5,964.3,1287.6,22.3,170.6,0.2,10.2,5.7,-10.2
34,Donduseni,2023,7053.3,8522.4,10833.0,9668.2,8864.5,8.7,18.2,4.6,489.0,964.4,1287.6,22.3,235.4,0.3,15.2,5.1,-9.6
34,Donduseni,2024,8457.4,9788.7,12446.2,11646.3,10210.7,9.8,17.4,4.4,560.3,964.7,1288.1,22.3,218.2,0.3,31.3,5.4,-7.6
36,Drochia,2003,,,,,,9.6,15.2,2.7,,,,,,,5.5,6.1,-5.6
36,Drochia,2004,,,,,,9.9,14.6,3.2,,,,,,,19.5,6.1,-4.7
36,Drochia,2005,,,,,,9.1,14.9,3.6,,1751.9,2366.2,38.7,,,14.0,6.6,-5.8
36,Drochia,2006,,,,,,9.1,14.2,3.0,,1752.3,2368.8,38.6,,,11.9,6.0,-5.1
36,Drochia,2007,,,,,,9.2,14.9,3.5,,1751.5,2367.9,38.5,,,7.1,6.3,-5.7
36,Drochia,2008,,,,,,10.2,14.6,3.2,,1750.7,2367.1,38.5,460.4,1.6,11.4,6.6,-4.4
36,Drochia,2009,,,,,,10.2,14.6,3.2,,1753.8,2372.5,38.6,254.0,1.1,5.4,6.4,-4.4
36,Drochia,2010,,,,,,10.0,14.5,2.6,,1752.8,2376.3,38.4,497.5,1.8,7.7,6.9,-4.5
36,Drochia,2011,,,,,,9.6,14.7,3.3,,1754.6,2379.4,38.5,853.0,2.5,11.5,6.6,-5.1
36,Drochia,2012,,,,,,9.9,14.0,2.8,,1754.8,2380.1,38.4,752.4,2.1,4.6,6.1,-4.1
36,Drochia,2013,,,,,,10.1,14.5,2.9,,1762.8,2383.5,38.2,1213.9,3.1,10.1,6.2,-4.4
36,Drochia,2014,,,,,,13.0,17.2,4.0,,1765.0,2387.2,38.2,1389.0,3.2,5.4,8.1,-4.2
36,Drochia,2015,3567.7,3253.9,4933.7,4420.8,3857.6,13.6,17.9,3.6,409.6,1767.9,2391.8,38.3,825.9,1.8,10.4,7.9,-4.3
36,Drochia,2016,3335.5,3382.6,5244.9,4702.2,4091.4,12.8,17.2,3.2,417.7,1906.4,2571.7,37.6,1107.0,2.3,4.5,6.9,-4.4
36,Drochia,2017,4175.4,3665.7,5976.5,5111.4,4560.4,12.4,16.9,3.1,484.7,1909.3,2577.1,37.6,1379.2,2.6,14.1,7.3,-4.5
36,Drochia,2018,4320.5,4274.3,6299.0,5759.9,4918.3,12.4,16.8,4.0,571.3,1911.9,2582.2,37.6,775.0,1.4,13.1,6.3,-4.4
36,Drochia,2019,5079.9,5395.8,7037.6,6523.9,5991.9,10.3,16.6,3.9,599.8,1916.3,2587.2,37.7,868.2,1.4,10.2,6.8,-6.4
36,Drochia,2020,5539.3,6033.7,7578.5,7217.4,6441.1,10.3,19.0,3.2,656.5,1918.9,2592.5,37.7,656.4,1.1,10.4,5.5,-8.7
36,Drochia,2021,6428.0,6353.1,7740.5,7593.3,7001.4,10.4,21.8,3.3,736.0,1921.8,2596.5,37.7,1040.7,1.4,9.0,6.9,-11.4
36,Drochia,2022,6727.5,7332.1,9058.0,8684.5,7923.6,9.3,18.4,4.0,812.1,1923.0,2600.4,37.8,1377.7,1.6,12.3,6.2,-9.0
36,Drochia,2023,8332.3,8965.0,10339.8,9859.0,9278.8,8.9,18.3,3.2,941.8,1924.7,2602.8,37.8,1205.9,1.4,9.7,5.4,-9.4
36,Drochia,2024,8952.4,9970.4,12238.5,12223.5,10675.0,9.6,18.3,3.6,1055.6,1928.4,2608.3,37.8,757.9,0.9,7.4,4.9,-8.7
38,Dubasari,2003,,,,,,9.9,11.8,1.8,,,,,,,2.9,6.2,-1.9
38,Dubasari,2004,,,,,,9.7,12.9,2.9,,,,,,,11.4,6.7,-3.2
38,Dubasari,2005,,,,,,10.0,15.8,2.7,,496.8,730.4,12.9,,,8.4,7.9,-5.8
38,Dubasari,2006,,,,,,10.6,14.5,2.5,,503.7,751.3,12.9,,,11.1,6.6,-3.9
38,Dubasari,2007,,,,,,10.5,14.1,2.8,,505.9,752.2,12.9,,,16.1,6.7,-3.6
38,Dubasari,2008,,,,,,12.0,12.4,0.3,,506.6,754.1,12.9,90.9,0.3,11.9,5.6,-0.4
38,Dubasari,2009,,,,,,11.7,12.4,0.1,,506.4,754.0,12.9,16.5,0.1,12.1,5.0,-0.7
38,Dubasari,2010,,,,,,11.8,12.1,0.1,,511.0,762.1,12.9,46.0,0.2,14.5,5.1,-0.3
38,Dubasari,2011,,,,,,11.0,10.1,1.3,,511.5,763.3,12.9,49.4,0.1,5.0,5.2,0.9
38,Dubasari,2012,,,,,,11.6,10.9,1.4,,512.8,776.1,12.9,11.2,0.0,7.4,4.8,0.7
38,Dubasari,2013,,,,,,11.2,10.6,1.4,,512.0,778.6,12.7,12.2,0.0,10.2,5.8,0.6
38,Dubasari,2014,,,,,,16.3,13.6,1.8,,513.1,779.7,12.7,14.2,0.0,4.4,6.2,2.8
38,Dubasari,2015,2073.4,3853.8,4100.7,5643.9,3756.8,17.0,12.8,4.5,160.2,513.3,780.1,12.7,14.6,0.0,6.3,6.2,4.2
38,Dubasari,2016,2300.1,4275.2,4051.4,6207.7,4330.3,15.9,13.1,4.8,172.6,514.0,781.6,12.7,16.9,0.0,9.0,9.2,2.9
38,Dubasari,2017,2572.6,4574.3,4545.3,6707.8,4533.7,14.6,12.2,5.1,177.8,514.0,782.7,12.7,18.6,0.0,15.0,8.1,2.5
38,Dubasari,2018,3326.5,5217.3,5568.9,7106.6,4939.5,12.9,13.5,5.2,207.0,515.4,785.6,12.7,27.4,0.1,5.8,8.2,-0.6
38,Dubasari,2019,4267.7,5873.4,5964.2,6958.0,5483.6,14.0,12.7,6.5,224.8,517.0,788.6,12.8,30.4,0.1,22.0,10.0,1.3
38,Dubasari,2020,4609.5,6534.2,5998.6,7720.6,6141.7,13.3,15.0,4.3,253.8,518.3,791.5,12.8,32.8,0.1,8.8,8.3,-1.7
38,Dubasari,2021,5490.2,7160.4,6567.0,8183.3,6974.6,12.6,15.7,5.4,275.0,520.1,795.1,12.8,34.8,0.1,37.3,9.7,-3.1
38,Dubasari,2022,6617.8,8152.1,7769.5,10618.8,8059.2,11.6,13.7,6.8,326.9,522.5,798.2,12.8,51.6,0.1,17.4,11.7,-2.1
38,Dubasari,2023,7542.9,10051.4,8583.1,12103.6,9437.5,11.1,13.8,5.8,395.9,523.8,800.7,12.8,60.6,0.1,7.6,8.7,-2.7
38,Dubasari,2024,8589.0,11084.6,10106.1,12907.7,10628.2,9.5,14.4,5.9,447.5,523.1,801.7,12.8,99.5,0.1,4.5,6.9,-4.9
41,Edinet,2003,,,,,,8.8,15.6,3.2,,,,,,,17.2,6.3,-6.8
41,Edinet,2004,,,,,,9.4,15.8,3.3,,,,,,,12.6,5.8,-6.4
41,Edinet,2005,,,,,,9.3,16.2,3.2,,1394.2,1927.1,35.3,,,13.8,6.7,-6.9
41,Edinet,2006,,,,,,9.9,15.6,3.0,,1393.1,1927.0,35.4,,,24.1,6.4,-5.7
41,Edinet,2007,,,,,,9.0,15.6,3.3,,1401.7,1928.7,35.4,,,18.3,7.1,-6.6
41,Edinet,2008,,,,,,10.6,14.7,2.9,,1404.5,1932.7,35.4,539.9,1.9,16.2,6.9,-4.1
41,Edinet,2009,,,,,,11.3,15.4,2.7,,1405.1,1933.9,35.4,322.4,1.4,12.8,6.2,-4.1
41,Edinet,2010,,,,,,10.7,16.2,2.3,,1406.3,1935.6,35.4,422.6,1.5,13.3,6.6,-5.5
41,Edinet,2011,,,,,,10.2,13.8,2.8,,1407.6,1936.7,35.4,266.9,0.8,9.3,6.3,-3.6
41,Edinet,2012,,,,,,9.9,14.4,2.7,,1409.8,1941.7,35.4,359.5,1.0,7.3,5.6,-4.5
41,Edinet,2013,,,,,,10.1,14.5,2.9,,1412.4,1946.3,35.4,581.0,1.5,7.3,5.6,-4.4
41,Edinet,2014,,,,,,12.4,17.3,3.3,,1416.1,1952.1,35.5,729.4,1.7,11.7,6.7,-4.9
41,Edinet,2015,2959.8,3145.7,4460.5,4544.3,3464.8,12.2,17.2,3.6,428.8,1417.5,1953.8,35.6,641.0,1.4,12.0,7.2,-5.0
41,Edinet,2016,3017.6,3385.2,4627.8,4920.8,3790.6,12.3,16.5,3.3,458.1,1606.5,2203.4,35.1,833.1,1.8,9.6,6.0,-4.1
41,Edinet,2017,3717.2,3617.5,4914.1,5307.1,4179.8,11.4,17.3,2.9,506.2,1606.8,2205.9,35.0,1218.5,2.3,10.7,6.0,-5.9
41,Edinet,2018,4222.0,4120.3,5377.8,5870.2,4638.2,11.0,17.7,3.4,562.6,1607.6,2206.6,35.0,970.9,1.7,17.1,6.2,-6.7
41,Edinet,2019,4506.1,5315.4,6078.6,7003.3,5433.3,10.7,16.7,3.0,685.8,1611.6,2211.5,35.0,1189.2,2.0,10.5,6.1,-6.0
41,Edinet,2020,4691.0,5847.5,6677.0,7703.7,5951.4,9.8,19.1,3.5,748.4,1613.9,2211.8,35.1,1054.8,1.8,11.7,5.5,-9.3
41,Edinet,2021,5330.7,6051.5,7150.9,8015.2,6675.0,10.1,23.6,3.6,858.9,1615.3,2213.5,35.1,1718.5,2.4,8.4,7.5,-13.5
41,Edinet,2022,6398.0,6989.7,7744.8,9470.7,7509.8,9.5,19.5,3.5,947.3,1618.0,2216.8,35.1,1659.0,1.9,5.6,6.7,-10.0
41,Edinet,2023,6910.9,8352.7,9086.9,11229.5,8831.2,8.1,18.0,3.6,1204.9,1622.0,2221.8,35.1,1675.4,1.9,20.5,6.1,-9.9
41,Edinet,2024,8869.2,9715.2,10395.3,12205.3,10241.7,9.5,17.5,3.3,1381.9,1623.5,2223.6,35.1,1518.1,1.8,10.1,6.4,-8.0
43,Falesti,2003,,,,,,11.2,12.9,3.2,,,,,,,15.5,6.1,-1.7
43,Falesti,2004,,,,,,11.1,13.1,2.8,,,,,,,9.4,6.7,-2.0
43,Falesti,2005,,,,,,11.2,13.8,3.3,,1697.8,2145.9,36.0,,,18.8,6.9,-2.6
43,Falesti,2006,,,,,,11.0,13.6,2.7,,1697.4,2150.8,36.0,,,14.4,6.7,-2.6
43,Falesti,2007,,,,,,11.6,14.0,3.1,,1685.4,2148.1,36.0,,,14.9,6.9,-2.4
43,Falesti,2008,,,,,,11.1,14.4,3.0,,1685.1,2147.7,35.9,431.8,1.5,16.3,6.3,-3.3
43,Falesti,2009,,,,,,12.9,13.6,2.4,,1685.0,2147.8,35.9,180.8,0.8,12.0,6.6,-0.7
43,Falesti,2010,,,,,,11.8,14.0,2.5,,1684.5,2146.9,35.9,471.2,1.7,8.1,6.5,-2.2
43,Falesti,2011,,,,,,12.1,12.4,3.0,,1685.1,2148.1,35.9,110.1,0.3,9.0,6.3,-0.3
43,Falesti,2012,,,,,,12.6,12.9,2.6,,1684.7,2147.6,35.9,169.6,0.5,6.9,5.8,-0.3
43,Falesti,2013,,,,,,11.2,12.5,2.6,,1609.2,2142.9,35.8,194.4,0.5,5.6,6.4,-1.3
43,Falesti,2014,,,,,,15.8,14.9,3.5,,1615.7,2142.8,35.8,241.1,0.5,13.4,8.6,0.9
43,Falesti,2015,2587.7,3194.8,3738.7,4483.6,3401.6,15.6,15.5,3.3,364.2,1615.9,2143.0,35.8,245.1,0.5,6.8,7.4,0.1
43,Falesti,2016,3085.6,3274.7,4148.2,4724.5,3719.5,15.3,15.2,2.6,408.5,1586.6,2221.0,33.8,227.5,0.5,10.4,7.4,0.1
43,Falesti,2017,3076.5,3497.9,4080.4,5472.1,3915.9,14.1,14.2,2.6,445.1,1582.2,2217.1,33.8,358.2,0.7,6.6,6.7,-0.2
43,Falesti,2018,3647.9,4259.5,4585.6,5668.4,4506.4,12.7,15.9,3.5,520.4,1583.1,2218.7,33.8,338.8,0.6,17.0,6.3,-3.2
43,Falesti,2019,4504.3,5228.8,4863.7,6333.6,5121.0,12.6,14.8,2.7,589.4,1586.9,2224.3,33.9,342.9,0.6,4.4,6.8,-2.2
43,Falesti,2020,4723.9,5909.6,5340.3,6925.4,5666.6,12.0,16.4,2.4,624.1,1591.2,2229.7,33.9,291.6,0.5,7.0,4.9,-4.4
43,Falesti,2021,5269.0,6293.2,5795.7,7525.4,6279.3,11.9,18.5,3.0,690.6,1594.6,2233.7,34.0,364.1,0.5,7.3,6.8,-6.6
43,Falesti,2022,6462.9,7430.6,7039.4,9027.7,7426.9,11.6,17.2,2.6,788.0,1597.4,2237.5,34.0,408.1,0.5,9.1,6.1,-5.6
43,Falesti,2023,7661.8,8582.3,8402.6,9998.5,8681.9,10.7,15.6,3.2,873.7,1599.6,2240.5,34.0,379.8,0.4,13.3,5.9,-4.9
43,Falesti,2024,9735.2,10089.3,9336.1,12619.1,10179.2,10.0,15.6,3.1,1007.0,1601.3,2242.7,34.0,463.0,0.5,9.8,5.4,-5.6
45,Floresti,2003,,,,,,9.5,15.6,3.4,,,,,,,24.3,5.5,-6.1
45,Floresti,2004,,,,,,10.9,15.0,2.7,,,,,,,12.0,6.7,-4.1
45,Floresti,2005,,,,,,9.5,16.4,3.5,,1544.5,2104.0,40.3,,,8.9,6.4,-6.9
45,Floresti,2006,,,,,,10.4,15.9,3.0,,1546.4,2106.7,40.3,,,8.7,6.1,-5.5
45,Floresti,2007,,,,,,10.5,15.5,3.8,,1563.2,2126.0,40.3,,,13.5,6.8,-5.0
45,Floresti,2008,,,,,,10.2,14.9,3.4,,1566.1,2131.7,40.3,577.8,2.0,13.9,6.8,-4.7
45,Floresti,2009,,,,,,11.6,15.0,3.1,,1567.1,2132.9,40.3,556.6,2.5,16.0,6.7,-3.4
45,Floresti,2010,,,,,,11.6,15.2,2.9,,1571.3,2139.1,40.4,636.9,2.3,13.4,5.9,-3.7
45,Floresti,2011,,,,,,11.1,12.9,2.9,,1575.5,2144.3,40.5,507.5,1.5,14.9,6.5,-1.8
45,Floresti,2012,,,,,,11.0,14.6,2.2,,1576.6,2145.5,40.5,408.8,1.1,10.2,6.0,-3.6
45,Floresti,2013,,,,,,10.7,13.4,3.0,,1567.8,2131.9,40.0,427.4,1.1,11.4,6.2,-2.7
45,Floresti,2014,,,,,,14.4,17.1,3.9,,1569.5,2134.2,40.0,525.4,1.2,17.1,7.9,-2.7
45,Floresti,2015,2851.9,3487.2,3868.8,4451.1,3693.7,14.2,17.2,4.4,430.0,1572.3,2138.1,40.0,625.4,1.4,3.9,7.5,-3.0
45,Floresti,2016,3151.9,3676.1,4125.4,4686.2,3965.8,12.6,16.8,3.5,468.1,1666.8,2273.0,37.9,654.3,1.4,11.0,6.5,-4.2
45,Floresti,2017,3712.8,4030.7,4404.2,4891.0,4352.0,13.0,16.1,3.4,497.0,1670.9,2278.0,37.3,701.2,1.3,9.7,6.2,-3.1
45,Floresti,2018,4567.9,4554.9,5159.6,5669.9,5006.3,11.8,16.3,3.4,549.2,1673.4,2281.4,37.3,799.1,1.4,9.6,6.7,-4.4
45,Floresti,2019,4839.1,5644.0,5729.9,6008.4,5530.3,11.7,15.7,4.0,648.9,1675.9,2284.8,37.3,840.0,1.4,15.0,6.1,-4.0
45,Floresti,2020,4680.1,6264.3,5924.6,6576.8,6031.0,11.5,18.4,3.0,684.2,1678.7,2288.3,37.3,694.4,1.2,5.2,4.8,-6.9
45,Floresti,2021,5930.9,6564.2,6549.2,7109.6,6747.1,10.6,19.7,3.0,793.6,1678.0,2287.6,37.3,754.4,1.1,7.2,6.4,-9.1
45,Floresti,2022,7365.3,7599.4,7542.6,7951.7,7645.7,9.8,17.3,2.9,869.1,1680.9,2291.4,37.3,896.2,1.0,8.1,6.2,-7.5
45,Floresti,2023,8813.6,9076.9,10265.6,9505.3,9280.8,9.1,17.6,3.3,969.0,1683.1,2294.6,37.3,924.2,1.1,10.8,5.3,-8.5
45,Floresti,2024,9010.5,10174.9,12373.4,11156.4,10479.7,9.2,16.7,3.5,1098.0,1684.8,2296.7,37.4,1029.6,1.2,14.7,6.0,-7.6
48,Glodeni,2003,,,,,,9.8,14.2,2.9,,,,,,,7.9,5.1,-4.4
48,Glodeni,2004,,,,,,10.6,14.3,3.5,,,,,,,6.0,6.0,-3.7
48,Glodeni,2005,,,,,,9.2,14.0,3.6,,1012.5,1352.8,25.4,,,15.1,5.3,-4.8
48,Glodeni,2006,,,,,,10.3,15.3,2.8,,1011.6,1351.5,25.3,,,6.1,5.4,-5.0
48,Glodeni,2007,,,,,,9.5,14.4,3.7,,1009.0,1354.6,25.4,,,8.0,6.1,-4.9
48,Glodeni,2008,,,,,,9.7,13.8,2.8,,1008.7,1354.4,25.4,144.3,0.5,11.5,6.6,-4.1
48,Glodeni,2009,,,,,,12.4,15.2,2.7,,1011.0,1358.6,25.4,73.4,0.3,21.0,6.6,-2.8
48,Glodeni,2010,,,,,,11.3,14.5,3.0,,1011.5,1359.6,25.4,220.4,0.8,9.9,5.9,-3.2
48,Glodeni,2011,,,,,,10.6,14.2,3.2,,1012.1,1360.8,25.4,60.0,0.2,19.7,5.7,-3.6
48,Glodeni,2012,,,,,,10.9,14.3,2.6,,1012.8,1362.3,25.4,66.9,0.2,13.5,5.8,-3.4
48,Glodeni,2013,,,,,,10.8,13.6,2.6,,1014.7,1365.4,25.5,70.3,0.2,10.7,5.7,-2.9
48,Glodeni,2014,,,,,,14.1,15.7,3.4,,1015.8,1367.3,25.4,82.2,0.2,7.2,6.7,-1.6
48,Glodeni,2015,2917.3,3267.5,3512.3,4545.5,3324.0,14.5,17.1,3.0,220.9,1016.4,1367.7,25.4,94.9,0.2,12.7,7.0,-2.6
48,Glodeni,2016,3180.2,3522.9,3841.7,4666.0,3624.9,14.6,15.2,2.6,253.3,1042.1,1388.3,23.6,101.8,0.2,14.0,6.5,-0.6
48,Glodeni,2017,3548.8,3904.9,4571.5,5004.0,3979.9,13.6,15.3,2.9,293.4,1043.1,1389.6,23.6,124.6,0.3,13.7,6.1,-1.7
48,Glodeni,2018,4042.2,4508.1,5206.5,5445.6,4548.1,12.6,15.3,2.8,311.3,1043.2,1390.2,23.6,139.5,0.2,21.8,6.3,-2.8
48,Glodeni,2019,4393.8,5663.1,5404.7,6343.6,5294.3,12.1,16.1,3.1,346.5,1044.6,1393.1,23.7,154.9,0.3,14.2,6.5,-4.0
48,Glodeni,2020,4984.4,6466.4,5784.4,6710.3,5953.9,10.6,18.1,2.7,371.4,1047.6,1397.5,23.7,115.4,0.2,6.2,4.6,-7.5
48,Glodeni,2021,5481.9,6883.4,6110.2,7420.1,6504.8,10.7,21.5,3.4,432.2,1048.9,1399.5,23.7,121.2,0.2,6.3,6.7,-10.8
48,Glodeni,2022,6610.0,7577.5,6606.6,8432.0,7350.7,9.6,16.9,2.6,479.3,1048.9,1399.5,23.7,158.0,0.2,24.4,5.7,-7.4
48,Glodeni,2023,7578.8,9044.0,7263.1,9857.3,8651.4,9.0,16.8,3.6,547.3,1049.3,1400.0,23.7,196.7,0.2,8.1,5.9,-7.8
48,Glodeni,2024,7681.1,10325.4,8663.5,11317.4,9888.4,9.5,16.3,3.5,614.3,1050.1,1401.1,23.7,217.9,0.3,7.9,5.7,-6.8
53,Hincesti,2003,,,,,,11.4,11.8,2.9,,,,,,,22.8,7.5,-0.4
53,Hincesti,2004,,,,,,12.3,11.4,3.5,,,,,,,15.5,7.6,0.9
53,Hincesti,2005,,,,,,11.5,12.3,4.0,,1917.8,2646.1,42.0,,,15.6,7.2,-0.8
53,Hincesti,2006,,,,,,11.4,12.3,3.5,,1920.4,2650.3,42.0,,,14.1,6.9,-0.9
53,Hincesti,2007,,,,,,11.7,12.5,3.7,,1924.3,2656.2,42.1,,,15.9,7.5,-0.8
53,Hincesti,2008,,,,,,10.7,11.9,3.4,,1928.7,2655.1,42.0,118.2,0.4,12.6,7.3,-1.2
53,Hincesti,2009,,,,,,11.0,12.4,2.9,,1934.5,2661.9,42.0,81.7,0.4,16.3,7.3,-1.4
53,Hincesti,2010,,,,,,11.9,14.9,3.2,,1969.5,2677.8,42.6,126.1,0.4,16.8,7.6,-3.1
53,Hincesti,2011,,,,,,11.1,11.1,3.1,,1959.8,2666.0,42.4,205.1,0.6,12.4,7.2,
53,Hincesti,2012,,,,,,11.2,11.9,2.6,,1961.2,2668.6,42.4,200.2,0.6,17.0,6.6,-0.7
53,Hincesti,2013,,,,,,10.9,11.3,2.9,,1956.4,2663.8,42.2,269.8,0.7,4.5,6.5,-0.3
53,Hincesti,2014,,,,,,15.1,15.3,4.2,,1945.6,2652.0,41.9,313.3,0.7,4.3,8.9,-0.2
53,Hincesti,2015,2734.7,3357.3,3481.6,4841.0,3659.1,15.7,16.3,3.6,444.2,1945.9,2653.2,42.0,332.5,0.7,13.4,9.3,-0.6
53,Hincesti,2016,3519.7,3575.6,3723.9,5063.6,3962.1,15.6,16.7,4.2,501.5,2037.8,2767.5,40.7,316.4,0.7,13.8,8.9,-1.1
53,Hincesti,2017,3394.1,3843.7,4524.6,5198.5,4260.7,14.6,15.7,3.2,544.6,2041.4,2767.7,40.5,552.7,1.0,11.2,9.1,-1.1
53,Hincesti,2018,4069.2,4506.3,4935.7,6487.6,4942.3,14.9,17.2,4.4,606.9,2045.1,2774.6,40.6,571.6,1.0,11.4,8.9,-2.3
53,Hincesti,2019,4666.4,5648.5,5766.0,7255.5,5735.1,13.9,17.9,4.4,740.0,2055.8,2790.3,40.7,538.4,0.9,16.3,8.1,-4.0
53,Hincesti,2020,5254.9,6354.3,5840.1,8027.8,6423.2,14.2,18.2,3.4,792.4,2063.9,2800.1,40.8,695.6,1.2,9.1,6.5,-4.0
53,Hincesti,2021,5546.3,6679.0,7709.3,7841.1,7133.7,12.8,19.2,4.0,918.6,2065.8,2802.8,40.8,684.9,1.0,12.4,8.4,-6.5
53,Hincesti,2022,6863.0,7638.1,8809.0,9137.1,8294.0,12.8,16.4,4.1,1025.1,2073.0,2810.7,40.9,847.5,1.0,6.4,8.0,-3.7
53,Hincesti,2023,8802.8,9201.2,10216.4,10596.7,9770.0,11.7,16.9,3.8,1190.0,2075.3,2813.3,40.9,739.8,0.8,18.0,6.4,-5.2
53,Hincesti,2024,9821.7,10471.6,13772.7,13303.4,11661.9,11.4,16.6,4.2,1501.5,2076.4,2813.3,40.9,780.6,0.9,6.3,5.8,-5.2
55,Ialoveni,2003,,,,,,11.4,10.7,3.1,,,,,,,14.7,7.3,0.7
55,Ialoveni,2004,,,,,,12.2,11.0,3.0,,,,,,,14.9,8.0,1.2
55,Ialoveni,2005,,,,,,12.8,11.6,3.2,,1433.6,2143.0,31.4,,,11.5,8.7,1.2
55,Ialoveni,2006,,,,,,13.4,10.8,2.5,,1444.4,2162.1,31.5,,,13.2,8.7,2.6
55,Ialoveni,2007,,,,,,13.4,10.9,3.2,,1449.8,2169.1,31.6,,,11.4,9.1,2.5
55,Ialoveni,2008,,,,,,13.6,11.4,2.9,,1459.7,2182.6,31.8,318.0,1.1,13.5,9.0,2.2
55,Ialoveni,2009,,,,,,13.7,11.2,3.3,,1465.8,2191.6,31.9,340.3,1.5,13.4,9.6,2.5
55,Ialoveni,2010,,,,,,14.7,11.6,3.1,,1506.6,2212.2,33.6,454.0,1.6,13.3,8.6,3.1
55,Ialoveni,2011,,,,,,13.6,10.1,3.1,,1515.6,2223.1,33.7,538.2,1.6,12.5,8.6,3.5
55,Ialoveni,2012,,,,,,13.0,10.2,2.7,,1527.5,2239.3,34.0,637.5,1.7,7.6,8.4,2.8
55,Ialoveni,2013,,,,,,12.8,9.1,3.1,,1533.0,2246.6,34.0,641.9,1.6,9.3,8.6,3.7
55,Ialoveni,2014,,,,,,15.5,11.9,3.9,,1541.2,2259.7,34.2,971.1,2.2,11.2,10.7,3.6
55,Ialoveni,2015,2856.5,3309.7,4531.3,4811.4,3703.6,16.6,12.1,3.6,406.4,1551.0,2276.1,34.3,889.3,2.0,8.5,9.9,4.5
55,Ialoveni,2016,2988.5,3519.8,4725.4,5052.3,3973.7,16.0,12.0,3.2,478.2,1684.9,2477.9,33.3,1044.2,2.2,8.2,8.8,4.1
55,Ialoveni,2017,3422.7,3884.5,5300.6,5400.8,4540.9,15.4,12.1,2.9,515.5,1709.8,2511.0,33.2,1022.2,1.9,8.8,8.7,3.3
55,Ialoveni,2018,4042.9,4500.0,5392.2,6278.6,4967.4,14.6,12.0,3.8,621.7,1731.9,2552.4,33.6,1108.9,2.0,7.0,8.6,2.6
55,Ialoveni,2019,4722.5,5596.3,6083.7,6864.1,5790.4,14.1,13.0,4.1,702.5,1765.4,2599.0,34.1,1108.7,1.9,10.2,9.7,1.1
55,Ialoveni,2020,4925.5,6467.3,6860.7,7287.4,6375.6,13.9,13.6,2.2,744.4,1772.5,2610.9,34.2,1089.8,1.8,6.6,6.3,0.3
55,Ialoveni,2021,5313.2,6851.9,7323.0,8053.6,7114.0,12.7,14.8,4.1,874.0,1808.9,2624.3,34.6,1397.0,2.0,7.3,8.2,-2.1
55,Ialoveni,2022,6648.6,7691.4,8570.5,9575.3,8168.6,10.7,12.5,3.4,1037.9,1825.4,2647.5,34.8,1753.3,2.0,16.5,8.4,-1.7
55,Ialoveni,2023,9018.4,9505.8,9696.8,11214.9,9697.8,10.3,12.3,3.6,1219.0,1837.9,2665.1,34.9,1623.4,1.9,10.9,6.5,-2.0
55,Ialoveni,2024,11430.7,10673.2,11456.9,12780.9,11082.2,10.9,12.6,3.9,1506.7,1856.9,2708.0,35.2,2005.4,2.3,7.9,6.1,-1.7
57,Leova,2003,,,,,,9.8,12.4,2.5,,,,,,,21.6,5.4,-2.6
57,Leova,2004,,,,,,10.0,11.6,2.8,,,,,,,7.4,5.9,-1.6
57,Leova,2005,,,,,,11.9,12.4,3.0,,795.3,1183.4,17.8,,,15.8,6.2,-0.5
57,Leova,2006,,,,,,10.7,11.3,2.9,,796.2,1184.7,17.9,,,3.4,6.1,-0.6
57,Leova,2007,,,,,,11.7,11.8,3.6,,796.6,1185.3,17.9,,,15.9,7.4,-0.1
57,Leova,2008,,,,,,11.5,12.1,3.0,,798.3,1188.0,18.0,19.5,0.1,12.9,6.7,-0.6
57,Leova,2009,,,,,,12.3,12.5,2.7,,801.7,1193.5,18.0,25.8,0.1,16.9,6.9,-0.2
57,Leova,2010,,,,,,12.5,12.4,3.2,,800.2,1191.7,18.1,20.1,0.1,14.9,6.6,0.1
57,Leova,2011,,,,,,11.5,11.5,2.6,,808.9,1203.9,18.3,27.9,0.1,14.5,6.3,
57,Leova,2012,,,,,,11.1,11.2,2.1,,805.5,1198.4,18.1,31.2,0.1,8.3,6.1,-0.1
57,Leova,2013,,,,,,11.7,11.3,2.2,,804.1,1198.3,18.0,33.8,0.1,8.2,6.2,0.4
57,Leova,2014,,,,,,15.5,15.5,3.0,,800.5,1193.2,17.9,35.6,0.1,6.3,9.2,
57,Leova,2015,3121.6,2912.0,3473.9,4492.3,3336.9,17.0,16.4,4.7,177.5,800.5,1193.4,17.9,40.1,0.1,8.6,7.4,0.6
57,Leova,2016,3196.9,3030.8,3929.2,4610.6,3560.4,16.0,16.4,2.9,197.7,848.8,1266.0,18.1,45.6,0.1,7.8,6.8,-0.4
57,Leova,2017,3095.3,3374.8,4472.1,4904.6,3754.9,14.2,16.2,2.6,216.2,849.3,1267.4,18.1,44.0,0.1,12.6,5.7,-2.0
57,Leova,2018,4600.2,3968.1,4846.0,5576.7,4362.0,14.5,15.4,1.9,243.3,855.3,1277.5,18.2,48.3,0.1,7.3,7.7,-0.9
57,Leova,2019,4819.9,5024.8,5730.8,6383.7,5354.1,12.4,17.3,2.8,267.2,856.3,1278.5,18.2,51.8,0.1,6.6,7.0,-4.9
57,Leova,2020,5064.8,5806.8,6372.8,6828.3,5959.8,12.4,17.5,2.1,293.5,857.0,1279.4,18.2,54.1,0.1,9.0,6.2,-5.1
57,Leova,2021,6006.0,6261.2,10200.2,7480.6,6988.3,12.4,18.3,2.6,357.8,858.1,1281.1,18.2,66.7,0.1,6.9,8.1,-5.8
57,Leova,2022,6664.9,6953.2,12513.4,8704.5,8021.2,11.9,17.1,3.4,428.0,859.9,1283.5,18.2,84.7,0.1,7.5,7.2,-5.2
57,Leova,2023,8293.4,8392.1,13811.4,10587.5,9485.2,9.9,16.4,2.6,496.2,858.9,1282.2,18.2,84.6,0.1,9.5,6.6,-6.5
57,Leova,2024,9414.7,9725.2,17197.0,12069.1,11049.3,10.0,16.4,2.7,601.8,858.3,1281.6,18.2,87.8,0.1,22.6,6.7,-6.4
60,Nisporeni,2003,,,,,,12.5,11.6,3.4,,,,,,,16.3,6.0,0.9
60,Nisporeni,2004,,,,,,11.7,10.5,3.1,,,,,,,18.2,5.2,1.2
60,Nisporeni,2005,,,,,,11.6,12.5,3.3,,936.3,1251.5,21.9,,,17.5,6.4,-0.9
60,Nisporeni,2006,,,,,,11.6,11.8,2.8,,937.7,1254.4,22.0,,,18.9,6.4,-0.2
60,Nisporeni,2007,,,,,,11.7,11.8,2.9,,938.9,1260.1,22.0,,,11.4,6.3,-0.1
60,Nisporeni,2008,,,,,,11.9,12.0,2.6,,940.2,1263.3,22.0,89.5,0.3,12.5,6.8,-0.1
60,Nisporeni,2009,,,,,,10.9,12.6,2.7,,949.3,1273.5,22.0,60.1,0.3,10.9,6.6,-1.7
60,Nisporeni,2010,,,,,,11.1,13.2,2.7,,968.4,1289.9,21.9,77.9,0.3,16.2,6.9,-2.1
60,Nisporeni,2011,,,,,,10.4,10.3,3.3,,957.7,1299.3,22.1,98.1,0.3,5.7,6.8,0.1
60,Nisporeni,2012,,,,,,11.4,11.7,2.7,,931.7,1303.3,22.2,105.9,0.3,16.3,6.3,-0.3
60,Nisporeni,2013,,,,,,11.2,10.5,3.0,,932.7,1304.0,22.1,135.4,0.3,2.7,6.2,0.7
60,Nisporeni,2014,,,,,,16.2,16.5,4.3,,933.8,1305.9,22.1,133.3,0.3,6.4,10.0,-0.2
60,Nisporeni,2015,6499.3,3254.1,3995.7,4447.0,3652.8,16.9,18.0,3.2,235.2,935.3,1308.4,22.2,155.6,0.3,10.0,10.1,-1.1
60,Nisporeni,2016,4445.0,3320.1,4397.1,4723.4,3751.7,16.7,16.1,4.4,249.3,1084.8,1475.9,22.2,176.4,0.4,13.0,9.2,0.5
60,Nisporeni,2017,4824.1,4383.6,4919.2,4542.9,4178.5,15.9,15.2,3.3,248.3,1092.2,1487.3,22.2,150.5,0.3,11.2,9.1,0.7
60,Nisporeni,2018,6609.1,4160.1,4700.5,5564.0,4680.1,14.4,17.4,2.2,274.6,1093.8,1490.9,22.3,163.7,0.3,8.0,8.7,-3.0
60,Nisporeni,2019,5908.8,5247.8,5051.8,6359.0,5276.2,14.1,16.0,1.3,330.6,1096.4,1495.8,22.3,133.3,0.2,5.0,8.3,-1.9
60,Nisporeni,2020,6740.1,5900.4,5375.5,7244.4,5879.5,14.2,17.5,0.9,344.3,1099.6,1501.0,22.3,126.6,0.2,6.8,6.1,-3.2
60,Nisporeni,2021,7173.9,6340.2,5949.0,7693.5,6570.8,12.7,19.0,1.6,382.3,1104.5,1508.6,22.4,141.3,0.2,3.9,8.9,-6.3
60,Nisporeni,2022,8708.1,7229.5,7083.0,8598.7,7434.4,13.1,16.1,1.1,436.5,1110.4,1514.5,22.4,161.4,0.2,2.0,7.7,-3.0
60,Nisporeni,2023,10750.4,8781.3,8126.3,10082.2,8867.6,11.2,17.4,1.4,516.6,1117.5,1526.1,22.5,217.4,0.3,11.8,7.4,-6.2
60,Nisporeni,2024,12924.5,10078.1,9540.3,11434.5,10011.9,11.2,16.4,1.4,579.8,1120.3,1530.4,22.6,148.2,0.2,9.7,6.6,-5.1
62,Ocnita,2003,,,,,,8.6,17.0,2.6,,,,,,,17.9,5.4,-8.4
62,Ocnita,2004,,,,,,9.0,15.9,3.8,,,,,,,18.1,5.2,-6.9
62,Ocnita,2005,,,,,,8.6,16.4,3.5,,1041.9,1533.5,27.6,,,16.7,6.1,-7.8
62,Ocnita,2006,,,,,,7.9,15.9,3.1,,1045.0,1537.9,27.6,,,11.1,5.6,-8.0
62,Ocnita,2007,,,,,,8.6,15.1,3.0,,1043.5,1535.4,27.5,,,12.5,6.2,-6.5
62,Ocnita,2008,,,,,,9.5,15.3,3.2,,1044.0,1536.0,27.4,78.8,0.3,3.9,5.2,-5.8
62,Ocnita,2009,,,,,,9.4,13.9,2.1,,1044.0,1536.1,27.3,57.7,0.2,7.6,5.1,-4.5
62,Ocnita,2010,,,,,,9.0,14.7,2.1,,1044.3,1536.0,27.2,77.6,0.3,17.7,5.1,-5.7
62,Ocnita,2011,,,,,,8.5,14.0,2.3,,1044.3,1535.7,27.2,107.6,0.3,18.6,4.1,-5.5
62,Ocnita,2012,,,,,,9.2,13.8,2.6,,1043.7,1535.0,27.2,103.5,0.3,11.8,4.5,-4.6
62,Ocnita,2013,,,,,,8.4,14.6,2.6,,1043.2,1534.3,27.1,110.0,0.3,8.4,3.9,-6.2
62,Ocnita,2014,,,,,,9.7,18.1,3.4,,1043.0,1534.3,27.1,121.9,0.3,11.5,5.3,-8.4
62,Ocnita,2015,3122.0,3331.7,3695.0,4649.5,3454.2,10.3,17.0,2.8,211.5,1043.2,1534.7,27.1,114.8,0.3,23.7,5.6,-6.7
62,Ocnita,2016,3166.3,3585.8,4308.8,4891.2,3787.8,9.6,17.2,3.2,218.0,1051.5,1549.5,26.1,43.7,0.1,11.6,5.1,-7.5
62,Ocnita,2017,3622.6,3943.4,5031.2,5121.3,4198.9,9.7,15.5,2.6,245.2,1053.7,1552.8,26.2,59.1,0.1,7.0,5.0,-5.8
62,Ocnita,2018,4463.7,4438.7,5269.9,5535.4,4698.1,9.0,16.1,3.1,273.7,1053.9,1553.0,26.2,50.0,0.1,2.5,5.4,-7.1
62,Ocnita,2019,4907.9,5406.2,6506.4,6169.3,5380.1,8.0,15.3,2.5,333.6,1053.5,1552.2,26.2,51.4,0.1,2.9,5.3,-7.3
62,Ocnita,2020,4896.4,5993.1,6720.7,6646.6,5715.2,8.8,18.3,2.3,350.5,1055.3,1555.1,26.2,84.8,0.1,16.3,3.9,-9.6
62,Ocnita,2021,5313.8,6485.7,7395.7,7439.3,6325.6,8.5,23.6,3.0,389.7,1055.6,1555.6,26.2,77.7,0.1,8.7,6.1,-15.1
62,Ocnita,2022,5546.5,7336.6,8070.3,8509.7,7142.9,7.7,18.1,3.3,428.6,1055.5,1555.6,26.2,112.1,0.1,9.9,6.5,-10.3
62,Ocnita,2023,6541.4,9056.1,9636.9,9735.1,8671.8,7.5,15.9,2.9,505.8,1055.6,1555.6,25.8,138.0,0.2,14.1,5.3,-8.4
62,Ocnita,2024,7092.8,10229.8,11570.7,13535.7,10059.7,7.2,15.4,2.8,592.8,1053.0,1564.3,25.7,115.8,0.1,7.5,5.4,-8.2
64,Orhei,2003,,,,,,10.0,12.2,3.3,,,,,,,14.5,6.2,-2.2
64,Orhei,2004,,,,,,10.4,12.2,3.4,,,,,,,10.4,6.7,-1.8
64,Orhei,2005,,,,,,10.3,13.4,3.7,,1953.3,2720.2,49.2,,,12.7,7.0,-3.1
64,Orhei,2006,,,,,,11.1,12.7,3.2,,1955.7,2723.8,49.1,,,9.3,7.5,-1.6
64,Orhei,2007,,,,,,11.3,12.7,3.4,,1958.3,2727.2,49.3,,,14.0,8.4,-1.4
64,Orhei,2008,,,,,,11.8,12.6,3.4,,1960.2,2729.5,49.2,549.6,1.9,14.2,7.4,-0.8
64,Orhei,2009,,,,,,11.8,12.6,2.9,,1958.1,2731.4,49.3,414.1,1.8,11.4,7.9,-0.8
64,Orhei,2010,,,,,,12.1,13.5,3.1,,1850.2,2561.2,46.5,554.9,2.0,11.2,7.7,-1.4
64,Orhei,2011,,,,,,12.4,12.3,3.0,,1850.7,2563.5,46.6,478.0,1.4,8.4,8.2,0.1
64,Orhei,2012,,,,,,12.0,12.8,2.9,,1849.0,2566.4,46.7,528.6,1.5,8.5,7.3,-0.8
64,Orhei,2013,,,,,,12.0,11.5,3.1,,1850.0,2565.3,46.6,597.3,1.5,11.3,7.6,0.4
64,Orhei,2014,,,,,,17.2,15.7,3.5,,1851.6,2569.2,46.5,576.3,1.3,4.9,11.0,1.4
64,Orhei,2015,3467.6,3615.4,4733.3,4595.3,3876.8,16.6,16.8,3.5,617.3,1853.3,2573.2,46.5,569.6,1.3,7.6,9.6,-0.2
64,Orhei,2016,3653.0,3855.2,5097.9,4915.4,4190.7,16.5,16.0,3.6,644.8,1972.6,2732.7,45.0,658.6,1.4,3.9,9.0,0.5
64,Orhei,2017,5311.0,3961.2,4000.7,3478.8,4512.0,15.2,15.7,2.9,760.9,1972.2,2738.2,44.4,996.2,1.9,5.1,9.1,-0.5
64,Orhei,2018,4485.3,5003.8,6275.7,6163.7,5460.8,14.6,16.1,4.6,920.8,1973.4,2741.5,44.5,1322.3,2.3,9.3,9.4,-1.5
64,Orhei,2019,5440.6,6280.4,7630.6,6979.3,6434.2,13.4,16.6,4.2,1298.7,1977.3,2749.7,44.5,2178.9,3.7,10.3,9.3,-3.1
64,Orhei,2020,5593.8,6615.9,7228.1,7597.3,6730.4,13.3,18.4,4.3,1317.4,1983.0,2757.1,44.6,2128.2,3.6,10.7,7.6,-5.1
64,Orhei,2021,5533.1,7234.1,8188.4,8095.9,7563.2,13.0,19.7,4.4,1450.2,1989.2,2766.3,44.7,2540.6,3.6,8.4,9.0,-6.7
64,Orhei,2022,6492.1,8077.3,9017.7,9345.2,8488.6,12.2,16.5,4.4,1622.3,2008.4,2796.0,45.1,2917.9,3.4,7.2,8.1,-4.3
64,Orhei,2023,7711.1,9614.3,10316.9,11222.5,9895.7,11.1,17.3,4.6,1910.9,2016.3,2812.3,45.3,3222.0,3.7,11.7,7.8,-6.1
64,Orhei,2024,9016.8,10851.7,11928.4,12351.7,11337.1,11.1,17.3,4.5,2173.1,2029.2,2840.0,45.7,3479.0,4.1,6.1,7.3,-6.2
67,Rezina,2003,,,,,,11.4,14.1,2.8,,,,,,,13.0,5.8,-2.7
67,Rezina,2004,,,,,,11.0,13.8,2.6,,,,,,,11.8,5.9,-2.8
67,Rezina,2005,,,,,,10.5,14.6,3.2,,687.6,1001.5,21.3,,,8.8,6.7,-4.1
67,Rezina,2006,,,,,,10.2,14.1,3.2,,690.6,1010.0,21.4,,,14.5,6.8,-3.9
67,Rezina,2007,,,,,,10.8,14.3,4.8,,691.4,1011.9,21.4,,,14.0,6.5,-3.5
67,Rezina,2008,,,,,,11.3,13.7,5.3,,689.4,1010.5,21.4,1062.9,3.7,30.1,6.1,-2.4
67,Rezina,2009,,,,,,11.4,12.4,4.1,,689.7,1010.3,21.4,563.3,2.5,11.6,6.5,-1.0
67,Rezina,2010,,,,,,11.1,13.8,5.7,,697.1,1024.3,21.5,540.6,1.9,10.2,7.0,-2.7
67,Rezina,2011,,,,,,11.0,12.7,4.3,,697.8,1025.8,21.5,651.7,1.9,10.3,7.0,-1.7
67,Rezina,2012,,,,,,11.2,13.5,3.7,,687.2,1026.6,21.5,699.0,1.9,6.9,6.9,-2.3
67,Rezina,2013,,,,,,10.9,12.0,4.7,,686.1,1024.6,21.3,910.3,2.3,14.2,6.0,-1.1
67,Rezina,2014,,,,,,15.3,16.3,5.3,,686.1,1024.6,21.3,831.0,1.9,14.3,8.3,-1.0
67,Rezina,2015,2602.3,3268.9,5832.2,5116.0,4126.9,14.4,16.4,6.7,287.6,686.9,1025.9,21.3,904.0,2.0,18.7,9.0,-2.0
67,Rezina,2016,4297.3,3376.2,6193.6,5143.1,4494.2,15.2,16.0,4.6,299.1,667.0,982.8,19.2,629.0,1.3,11.3,7.1,-0.8
67,Rezina,2017,3406.5,6778.5,4377.9,5584.7,3322.3,13.0,15.0,5.0,325.5,667.6,984.8,19.2,771.8,1.5,21.4,8.3,-2.1
67,Rezina,2018,4944.8,4380.6,7197.2,5989.1,5406.4,13.2,15.0,7.1,364.1,668.2,985.8,19.2,835.1,1.5,,7.6,-1.8
67,Rezina,2019,5230.4,5533.4,7844.1,6527.0,6085.9,12.9,16.3,9.1,417.0,669.1,987.6,19.2,971.0,1.6,14.5,9.0,-3.5
67,Rezina,2020,5803.4,6138.5,7873.5,7456.6,6604.3,12.0,16.2,5.2,448.1,669.4,988.0,19.2,977.8,1.6,9.1,6.5,-4.2
67,Rezina,2021,6162.7,6596.3,8627.9,8004.6,7323.8,11.9,19.0,5.9,527.4,674.4,994.5,19.2,1127.7,1.6,7.0,10.0,-7.1
67,Rezina,2022,7383.1,7560.4,9702.1,9430.3,8395.0,12.0,17.4,6.3,596.9,675.1,995.5,19.2,1223.3,1.4,16.9,9.6,-5.4
67,Rezina,2023,9931.6,8977.0,11257.2,11225.9,9820.4,11.3,16.6,7.5,676.9,675.3,995.8,19.2,1040.5,1.2,13.4,7.7,-5.3
67,Rezina,2024,10467.6,10117.6,12686.1,13111.6,11333.8,10.1,17.3,8.8,771.1,675.3,996.0,19.2,1329.1,1.6,3.1,6.4,-7.2
71,Riscani,2003,,,,,,10.4,14.9,3.0,,,,,,,10.4,5.7,-4.5
71,Riscani,2004,,,,,,9.8,14.9,2.9,,,,,,,11.3,6.4,-5.1
71,Riscani,2005,,,,,,9.9,16.3,3.1,,1434.2,1983.2,29.8,,,14.1,6.3,-6.4
71,Riscani,2006,,,,,,9.5,15.6,3.3,,1435.1,1985.5,29.8,,,11.7,6.1,-6.1
71,Riscani,2007,,,,,,9.6,15.3,3.4,,1436.5,1987.5,29.8,,,7.3,6.8,-5.7
71,Riscani,2008,,,,,,9.8,14.6,2.5,,1438.9,1991.3,29.9,132.3,0.5,15.9,6.7,-4.8
71,Riscani,2009,,,,,,10.3,15.8,2.6,,1440.2,1993.7,29.9,103.4,0.5,8.3,6.9,-5.5
71,Riscani,2010,,,,,,10.8,15.7,2.1,,1441.6,1996.3,29.8,124.6,0.4,9.4,7.2,-4.9
71,Riscani,2011,,,,,,10.7,15.3,2.5,,1442.9,1999.1,29.8,158.1,0.5,12.0,6.0,-4.6
71,Riscani,2012,,,,,,10.4,14.4,2.1,,1445.8,2004.5,29.8,160.2,0.4,6.9,6.0,-4.0
71,Riscani,2013,,,,,,9.4,14.5,2.6,,1444.2,2002.8,29.7,201.5,0.5,16.8,5.9,-5.1
71,Riscani,2014,,,,,,13.2,16.2,3.4,,1443.7,2002.8,29.7,230.2,0.5,8.0,6.8,-3.0
71,Riscani,2015,2836.0,3492.8,4630.3,4408.0,3488.6,12.2,17.3,3.3,297.9,1443.9,2003.7,29.6,256.1,0.6,8.7,7.3,-5.1
71,Riscani,2016,2958.8,3700.7,5047.2,4634.1,3751.1,12.6,17.5,3.1,327.3,1477.8,2056.9,27.8,287.8,0.6,7.0,6.8,-4.9
71,Riscani,2017,3670.7,4047.5,5700.0,4991.1,4327.6,11.4,17.0,2.4,337.2,1482.1,2064.0,27.8,325.4,0.6,7.9,6.1,-5.6
71,Riscani,2018,4014.8,4554.5,6171.6,5322.7,4774.0,11.4,16.5,3.4,394.4,1482.9,2065.7,27.8,368.6,0.7,9.6,5.4,-5.1
71,Riscani,2019,4862.9,5636.5,6673.2,6248.9,5662.7,11.2,17.5,3.2,460.8,1483.2,2065.8,27.7,411.4,0.7,13.2,5.6,-6.3
71,Riscani,2020,5024.4,6191.5,6937.1,6901.6,6019.6,10.4,18.0,2.8,496.5,1486.3,2071.1,27.8,348.1,0.6,9.1,4.9,-7.6
71,Riscani,2021,5559.3,6468.7,7441.7,7489.9,6587.8,9.4,19.1,3.0,553.4,1486.2,2071.5,27.8,439.8,0.6,4.1,6.2,-9.7
71,Riscani,2022,6044.6,7505.7,8391.7,8608.3,7419.5,9.1,17.0,3.0,637.2,1485.3,2070.9,27.7,580.5,0.7,8.8,6.8,-7.8
71,Riscani,2023,7081.9,8751.1,9010.1,10300.9,8694.5,9.4,17.3,3.2,804.3,1485.7,2071.7,27.7,613.6,0.7,13.3,6.5,-7.9
71,Riscani,2024,8238.9,9903.4,10065.7,12357.9,9981.6,8.6,17.5,3.5,902.9,1486.3,2073.3,27.7,587.0,0.7,12.6,5.7,-8.9
74,Singerei,2003,,,,,,11.7,11.1,2.0,,,,,,,16.0,5.9,0.6
74,Singerei,2004,,,,,,11.1,10.5,3.0,,,,,,,11.2,5.8,0.6
74,Singerei,2005,,,,,,11.2,11.6,3.2,,1412.3,2022.9,30.9,,,14.0,6.6,-0.4
74,Singerei,2006,,,,,,11.2,11.1,2.6,,1416.1,2027.9,31.0,,,10.4,6.6,0.1
74,Singerei,2007,,,,,,11.6,11.3,3.2,,1419.2,2032.8,31.0,,,13.8,7.1,0.3
74,Singerei,2008,,,,,,11.5,11.5,3.1,,1417.5,2034.3,31.1,128.3,0.4,16.7,7.0,
74,Singerei,2009,,,,,,12.9,12.3,2.5,,1422.1,2040.0,31.2,115.5,0.5,13.4,6.8,0.6
74,Singerei,2010,,,,,,12.1,12.0,2.6,,1421.8,2039.1,31.2,109.8,0.4,12.2,6.9,0.1
74,Singerei,2011,,,,,,12.6,11.4,2.7,,1425.9,2045.4,31.2,108.2,0.3,17.0,7.2,1.2
74,Singerei,2012,,,,,,12.7,11.5,2.5,,1431.3,2053.2,31.3,125.9,0.3,11.0,6.9,1.2
74,Singerei,2013,,,,,,12.4,10.5,2.9,,1443.9,2071.0,31.5,162.6,0.4,11.2,7.0,1.9
74,Singerei,2014,,,,,,15.6,13.9,3.2,,1457.0,2089.3,31.7,172.6,0.4,16.8,8.2,1.6
74,Singerei,2015,2636.2,3173.4,3489.3,4452.5,3233.8,15.8,13.8,3.1,323.2,1458.8,2091.8,31.7,163.6,0.4,6.6,7.8,2.0
74,Singerei,2016,3248.9,3366.0,4110.9,4712.2,3817.3,15.8,13.1,2.7,350.2,1455.5,2099.2,31.8,152.4,0.3,6.7,7.3,2.7
74,Singerei,2017,3810.0,3790.7,4901.0,5208.4,4222.8,14.5,13.0,2.8,365.9,1464.0,2112.0,31.8,222.3,0.4,11.1,6.1,1.5
74,Singerei,2018,3997.1,4319.9,5134.2,5595.6,4655.8,13.8,13.2,2.9,396.9,1466.3,2116.4,31.8,228.5,0.4,11.9,6.7,0.6
74,Singerei,2019,4759.9,5602.6,5226.8,6400.6,5493.1,12.7,13.3,2.6,453.9,1468.5,2119.6,31.8,188.2,0.3,7.7,6.7,-0.6
74,Singerei,2020,4912.6,6408.3,5673.6,7033.7,6054.9,11.7,14.4,2.1,491.7,1472.6,2126.9,31.9,161.8,0.3,7.3,5.7,-2.6
74,Singerei,2021,5890.4,6873.8,6549.3,7489.9,6909.4,11.8,16.7,2.7,570.2,1476.6,2132.5,32.0,223.4,0.3,13.6,7.3,-4.9
74,Singerei,2022,7360.2,7796.4,7461.0,9551.5,7897.6,11.6,14.6,2.5,653.3,1480.1,2140.1,31.9,227.9,0.3,9.2,6.6,-2.9
74,Singerei,2023,8056.5,9272.0,8286.6,10929.9,9140.2,10.5,13.7,3.2,759.5,1482.2,2143.2,31.9,210.8,0.2,15.2,5.7,-3.3
74,Singerei,2024,9512.1,10570.4,9455.7,12915.8,10390.0,10.6,15.5,2.6,867.8,1483.9,2145.0,32.0,224.9,0.3,17.0,5.5,-4.9
78,Soroca,2003,,,,,,9.2,14.3,3.0,,,,,,,11.5,5.9,-5.1
78,Soroca,2004,,,,,,9.4,13.5,3.7,,,,,,,11.5,5.3,-4.1
78,Soroca,2005,,,,,,9.1,14.5,3.5,,1651.8,2250.6,40.6,,,7.5,6.3,-5.4
78,Soroca,2006,,,,,,9.3,14.0,3.2,,1652.1,2251.3,40.6,,,6.4,6.6,-4.7
78,Soroca,2007,,,,,,9.1,14.5,3.3,,1655.2,2257.0,40.6,,,14.1,6.9,-5.4
78,Soroca,2008,,,,,,9.4,12.9,3.0,,1660.1,2264.2,40.6,561.0,2.0,11.6,6.4,-3.5
78,Soroca,2009,,,,,,10.0,13.6,3.2,,1661.6,2267.1,40.6,400.5,1.8,13.9,6.0,-3.6
78,Soroca,2010,,,,,,10.5,14.2,2.8,,1664.3,2272.0,40.7,486.9,1.7,12.5,6.4,-3.7
78,Soroca,2011,,,,,,9.1,13.0,2.6,,1665.2,2273.5,40.7,963.3,2.8,7.5,5.9,-3.9
78,Soroca,2012,,,,,,9.4,12.5,2.6,,1669.3,2279.8,40.7,898.0,2.5,14.9,6.0,-3.1
78,Soroca,2013,,,,,,9.4,12.7,2.5,,1679.2,2294.7,40.9,865.5,2.2,12.7,5.9,-3.3
78,Soroca,2014,,,,,,14.0,17.2,5.2,,1679.7,2295.7,41.0,955.1,2.2,9.7,8.9,-3.2
78,Soroca,2015,2976.4,3786.8,4238.1,4821.8,3773.0,13.8,17.5,3.8,530.2,1683.0,2300.6,40.9,765.7,1.7,5.8,9.0,-3.6
78,Soroca,2016,3110.7,3884.8,4428.2,5085.0,4017.4,13.7,16.8,3.4,572.8,1827.2,2512.2,39.9,800.8,1.7,9.9,7.0,-3.2
78,Soroca,2017,3464.5,4144.2,4749.0,5437.1,4431.2,13.0,15.9,2.9,642.0,1830.7,2514.4,39.7,923.2,1.8,6.3,7.1,-2.9
78,Soroca,2018,3921.9,4786.3,5352.6,6183.4,4972.6,11.9,16.6,4.1,731.8,1831.6,2515.8,39.7,956.7,1.7,5.8,7.3,-4.7
78,Soroca,2019,4834.1,5830.3,5710.0,6730.7,5598.2,11.9,16.0,3.5,820.9,1833.7,2518.4,39.7,1004.5,1.7,7.2,6.9,-4.1
78,Soroca,2020,5135.4,6445.8,6163.6,7509.9,6214.7,11.3,18.2,3.3,880.3,1833.7,2518.4,39.7,965.8,1.6,11.5,5.7,-6.9
78,Soroca,2021,5494.3,6969.5,6674.3,8231.4,6825.4,10.9,21.6,3.9,1000.6,1837.5,2524.4,39.7,1402.6,2.0,6.8,8.8,-10.7
78,Soroca,2022,6485.4,7627.4,8024.9,9404.1,7777.5,11.1,18.2,4.5,1142.1,1844.1,2530.4,39.8,1501.0,1.8,15.4,7.5,-7.1
78,Soroca,2023,7289.4,9136.4,9205.0,10787.7,9014.8,9.1,16.7,4.8,1327.4,1847.8,2534.3,39.7,1453.3,1.7,7.2,7.0,-7.6
78,Soroca,2024,8569.9,10290.9,10283.1,12813.1,10276.0,9.2,17.0,4.4,1437.0,1851.0,2548.7,39.8,1076.9,1.3,11.0,6.8,-7.8
80,Straseni,2003,,,,,,11.4,11.9,4.1,,,,,,,13.4,7.9,-0.5
80,Straseni,2004,,,,,,11.8,11.9,4.1,,,,,,,13.1,7.4,-0.1
80,Straseni,2005,,,,,,11.9,13.1,4.2,,1578.1,2085.0,32.9,,,11.9,8.3,-1.2
80,Straseni,2006,,,,,,12.3,11.8,3.5,,1584.3,2096.0,33.1,,,10.7,7.7,0.5
80,Straseni,2007,,,,,,12.9,12.4,3.9,,1589.0,2104.5,33.1,,,9.5,9.1,0.5
80,Straseni,2008,,,,,,12.7,12.6,3.3,,1591.8,2109.9,33.2,360.3,1.3,14.7,8.4,0.1
80,Straseni,2009,,,,,,13.3,12.7,3.4,,1593.8,2113.2,33.2,252.5,1.1,8.3,8.6,0.6
80,Straseni,2010,,,,,,12.7,13.7,3.7,,1596.4,2109.3,32.4,290.3,1.0,12.0,7.9,-1.0
80,Straseni,2011,,,,,,13.3,11.2,2.8,,1595.7,2116.6,33.4,342.9,1.0,18.1,8.3,2.1
80,Straseni,2012,,,,,,13.8,11.6,3.1,,1595.4,2122.5,33.5,361.8,1.0,12.0,7.7,2.2
80,Straseni,2013,,,,,,12.4,10.2,3.0,,1607.1,2125.5,33.5,418.1,1.1,5.1,7.3,2.1
80,Straseni,2014,,,,,,16.4,14.1,3.9,,1610.6,2131.9,33.6,483.7,1.1,11.3,9.2,2.3
80,Straseni,2015,2989.9,3344.1,4228.3,4627.5,3590.5,16.7,13.8,3.4,392.4,1615.2,2142.2,33.6,550.6,1.2,8.0,9.0,2.9
80,Straseni,2016,3528.1,3559.6,4550.4,4937.2,4048.6,16.2,13.4,4.2,373.9,1595.6,2108.7,32.6,545.3,1.1,9.1,8.6,2.9
80,Straseni,2017,4672.3,5425.5,5405.5,5032.0,4747.3,15.3,13.0,3.2,469.3,1599.4,2113.9,32.5,503.4,0.9,10.8,8.4,2.4
80,Straseni,2018,4681.9,4439.5,5817.0,6124.3,5104.5,14.2,13.3,4.1,559.1,1598.9,2113.6,32.6,556.3,1.0,8.0,8.8,0.8
80,Straseni,2019,5548.7,5663.5,5923.1,6676.4,5906.1,12.6,14.4,4.2,652.9,1601.9,2118.8,32.6,1304.4,2.2,4.6,8.7,-1.7
80,Straseni,2020,5454.0,6420.3,6349.3,7420.3,6452.2,12.9,15.1,3.1,679.6,1607.2,2126.7,32.7,803.2,1.3,16.1,6.6,-2.2
80,Straseni,2021,6221.9,6905.6,6465.3,7820.4,7160.8,12.1,16.3,3.5,800.8,1610.9,2131.9,32.7,692.7,0.9,14.9,8.8,-4.1
80,Straseni,2022,7838.3,7835.6,8164.1,9336.1,8407.9,11.4,13.9,3.7,935.2,1615.1,2137.9,32.8,920.9,1.1,6.8,7.5,-2.5
80,Straseni,2023,8274.0,9465.1,9809.5,10647.9,9806.3,10.7,14.1,3.3,1118.1,1624.9,2154.1,33.0,909.7,1.0,12.0,6.9,-3.4
80,Straseni,2024,9585.5,10745.3,11749.4,12889.3,11311.3,9.9,15.0,3.3,1297.0,1631.6,2162.8,33.1,1183.4,1.4,9.9,7.1,-5.1
83,Soldanesti,2003,,,,,,11.3,16.8,2.2,,,,,,,15.5,5.4,-5.5
83,Soldanesti,2004,,,,,,11.3,16.1,3.6,,,,,,,9.8,5.8,-4.8
83,Soldanesti,2005,,,,,,10.7,16.8,3.9,,691.0,967.7,18.0,,,25.0,6.1,-6.1
83,Soldanesti,2006,,,,,,11.3,17.0,2.9,,684.8,961.8,17.8,,,13.9,6.0,-5.7
83,Soldanesti,2007,,,,,,11.2,15.0,2.8,,687.7,966.4,17.9,,,10.1,6.2,-3.8
83,Soldanesti,2008,,,,,,10.4,14.9,2.7,,688.9,968.3,17.9,13.6,0.0,10.9,5.5,-4.5
83,Soldanesti,2009,,,,,,13.0,15.9,2.2,,689.3,967.9,17.9,12.7,0.1,5.3,5.5,-2.9
83,Soldanesti,2010,,,,,,12.3,16.6,2.8,,689.7,973.6,18.0,15.9,0.1,20.4,5.6,-4.2
83,Soldanesti,2011,,,,,,12.5,14.3,2.6,,690.8,974.8,18.1,14.9,0.0,11.1,5.8,-1.8
83,Soldanesti,2012,,,,,,12.1,14.7,2.3,,688.5,971.2,17.9,13.7,0.0,19.3,5.9,-2.6
83,Soldanesti,2013,,,,,,11.5,14.9,2.8,,678.3,972.6,17.9,14.0,0.1,14.1,5.7,-3.4
83,Soldanesti,2014,,,,,,15.5,17.6,3.5,,675.9,970.8,17.9,17.5,0.1,12.8,7.2,-2.1
83,Soldanesti,2015,3683.9,3217.7,3960.4,4336.0,3509.1,16.2,16.8,3.2,165.1,674.9,969.1,17.9,19.3,0.0,7.1,7.6,-0.6
83,Soldanesti,2016,4196.4,3394.6,4334.1,4711.9,4000.0,15.6,17.6,2.7,178.8,694.8,971.7,16.5,22.1,0.0,16.7,5.8,-2.0
83,Soldanesti,2017,4752.1,3600.5,4591.7,5380.0,5517.2,14.6,16.1,2.6,184.5,694.5,971.8,16.5,25.2,0.1,6.1,6.2,-1.5
83,Soldanesti,2018,4326.9,4291.6,5587.2,5222.0,4765.7,14.4,16.8,3.0,211.3,694.3,972.0,16.5,28.0,0.1,8.4,6.2,-2.4
83,Soldanesti,2019,5182.3,5408.1,5872.6,6061.6,5585.8,13.6,16.1,2.2,257.1,695.7,973.8,16.5,29.2,0.1,6.8,6.9,-2.5
83,Soldanesti,2020,5474.6,6045.7,6210.4,6712.3,6083.4,13.8,18.7,2.1,288.0,696.2,974.3,16.5,31.3,0.1,9.2,6.1,-4.9
83,Soldanesti,2021,5709.7,6488.7,6481.1,7150.5,6780.6,13.0,21.3,2.8,309.0,696.7,974.9,16.5,36.2,0.1,7.6,7.1,-8.3
83,Soldanesti,2022,8489.5,7311.6,7629.6,8299.9,7959.1,11.8,17.8,3.3,361.1,697.1,975.5,16.5,33.6,0.0,2.9,6.4,-6.0
83,Soldanesti,2023,9186.7,8830.8,9078.4,9934.1,9175.2,10.3,19.1,2.0,402.3,697.2,975.7,16.5,34.7,0.0,3.5,6.1,-8.8
83,Soldanesti,2024,10299.0,10156.1,10973.0,11696.2,10469.7,11.5,17.1,1.2,475.9,697.1,975.6,16.5,34.9,0.0,6.4,5.6,-5.5
85,Stefan Voda,2003,,,,,,11.9,13.1,2.6,,,,,,,14.8,6.6,-1.2
85,Stefan Voda,2004,,,,,,11.4,11.9,3.2,,,,,,,9.4,5.5,-0.5
85,Stefan Voda,2005,,,,,,12.0,13.2,3.3,,1266.7,1688.0,28.6,,,12.6,7.7,-1.2
85,Stefan Voda,2006,,,,,,11.4,13.0,2.9,,1269.3,1692.2,28.6,,,14.3,7.3,-1.6
85,Stefan Voda,2007,,,,,,12.1,12.7,3.2,,1269.6,1693.7,28.6,,,12.5,7.7,-0.6
85,Stefan Voda,2008,,,,,,12.4,12.5,3.3,,1270.9,1695.8,28.6,162.0,0.6,19.0,6.8,-0.1
85,Stefan Voda,2009,,,,,,12.4,12.0,3.1,,1268.3,1690.5,28.6,97.8,0.4,10.0,6.1,0.4
85,Stefan Voda,2010,,,,,,11.5,13.2,2.8,,1293.0,1686.7,28.5,117.4,0.4,5.8,6.4,-1.6
85,Stefan Voda,2011,,,,,,11.9,12.9,2.8,,1293.0,1687.6,28.4,102.8,0.3,11.8,5.8,-1.0
85,Stefan Voda,2012,,,,,,11.7,12.0,3.6,,1293.0,1687.1,28.4,129.9,0.4,8.3,5.7,-0.3
85,Stefan Voda,2013,,,,,,11.7,11.9,2.9,,1294.1,1689.1,28.4,146.3,0.4,9.6,6.4,-0.3
85,Stefan Voda,2014,,,,,,15.3,15.4,4.3,,1294.6,1690.0,28.4,119.2,0.3,11.2,8.5,
85,Stefan Voda,2015,2655.4,3035.8,4508.4,4018.4,3269.8,16.0,14.6,4.0,260.4,1295.4,1691.9,28.4,197.1,0.4,7.6,8.4,1.4
85,Stefan Voda,2016,2952.4,3209.1,5345.8,4241.0,3532.0,16.0,13.9,3.8,292.5,1270.1,1678.1,26.7,215.2,0.5,5.5,7.3,2.0
85,Stefan Voda,2017,3523.8,3534.4,5921.3,4508.9,4048.2,14.7,14.2,4.1,307.1,1245.9,1655.7,26.2,281.1,0.5,11.1,7.8,0.4
85,Stefan Voda,2018,3987.4,4298.8,6479.5,5124.3,4708.7,13.6,14.7,4.5,360.0,1247.0,1657.6,26.2,523.2,0.9,2.7,7.5,-1.2
85,Stefan Voda,2019,4392.6,5346.4,7958.4,5614.3,5434.6,14.5,16.4,4.6,451.1,1247.9,1658.6,26.2,605.7,1.0,10.6,8.1,-1.9
85,Stefan Voda,2020,4756.2,5765.7,8325.3,6242.0,5857.8,13.0,16.8,4.2,465.5,1249.9,1661.4,26.3,390.7,0.6,7.5,6.1,-3.8
85,Stefan Voda,2021,5474.0,5924.2,8177.0,6787.1,6439.5,12.1,18.1,4.4,523.6,1254.6,1667.0,26.4,602.0,0.9,8.3,8.8,-5.9
85,Stefan Voda,2022,6323.7,6982.6,9983.6,8193.0,7551.5,12.7,16.3,4.5,616.8,1255.0,1667.5,26.4,512.2,0.6,9.9,9.0,-3.5
85,Stefan Voda,2023,7173.5,7803.8,12807.3,10161.5,8777.3,11.7,16.7,5.0,793.1,1254.8,1667.3,26.4,876.6,1.0,13.1,7.0,-5.0
85,Stefan Voda,2024,8541.7,9457.8,14159.9,12082.1,10461.9,10.1,16.7,5.5,927.9,1259.4,1672.8,26.4,953.7,1.1,13.4,5.9,-6.6
87,Taraclia,2003,,,,,,9.4,14.6,4.3,,,,,,,7.1,7.6,-5.2
87,Taraclia,2004,,,,,,9.6,12.1,3.5,,,,,,,18.6,6.2,-2.5
87,Taraclia,2005,,,,,,10.6,14.2,3.6,,659.6,970.4,14.2,,,8.4,6.8,-3.6
87,Taraclia,2006,,,,,,9.9,13.4,3.2,,660.6,972.1,14.3,,,4.5,6.8,-3.5
87,Taraclia,2007,,,,,,9.8,13.6,3.0,,662.0,975.0,14.3,,,13.6,7.4,-3.8
87,Taraclia,2008,,,,,,10.6,13.2,2.8,,661.3,974.3,14.3,264.6,0.9,10.6,6.2,-2.6
87,Taraclia,2009,,,,,,11.1,12.8,3.4,,661.3,974.5,14.3,204.0,0.9,14.2,6.7,-1.7
87,Taraclia,2010,,,,,,10.5,12.7,2.3,,741.7,1128.7,14.4,189.4,0.7,10.6,6.5,-2.2
87,Taraclia,2011,,,,,,10.5,12.9,2.2,,742.1,1129.6,14.5,306.9,0.9,15.1,5.9,-2.4
87,Taraclia,2012,,,,,,10.7,11.7,2.3,,745.1,1134.4,14.4,488.7,1.3,12.7,6.1,-1.0
87,Taraclia,2013,,,,,,10.3,11.0,1.8,,745.1,1134.4,14.4,603.8,1.5,6.6,5.4,-0.7
87,Taraclia,2014,,,,,,13.0,15.7,3.6,,746.0,1135.9,14.4,550.7,1.2,6.7,7.8,-2.7
87,Taraclia,2015,2422.5,3345.2,4239.3,4683.7,3543.6,13.5,15.3,2.7,214.0,746.4,1136.6,14.4,308.6,0.7,13.0,8.5,-1.8
87,Taraclia,2016,3288.4,3562.5,5071.8,4904.3,3968.4,11.5,14.5,3.0,231.0,746.5,1136.8,14.4,318.7,0.7,15.4,6.8,-3.0
87,Taraclia,2017,3994.2,3882.6,4672.0,5390.1,4335.2,12.4,13.0,2.6,251.0,738.9,1122.8,14.2,298.4,0.6,14.3,6.5,-0.6
87,Taraclia,2018,4450.7,4433.7,5336.3,5862.2,4791.6,11.0,14.3,2.9,280.8,739.6,1124.0,14.2,323.4,0.6,8.1,7.0,-3.3
87,Taraclia,2019,4967.0,5527.0,5694.6,6533.9,5208.9,11.0,14.2,2.8,373.9,739.7,1124.1,14.2,389.0,0.7,2.7,6.3,-3.2
87,Taraclia,2020,5070.0,6124.2,6367.5,7120.6,5917.9,10.2,15.0,2.5,397.9,740.6,1125.8,14.2,508.4,0.9,3.0,4.7,-4.8
87,Taraclia,2021,5584.7,6504.5,6838.6,7708.6,6526.6,10.2,18.7,2.6,481.5,742.3,1128.2,14.2,710.4,1.0,15.1,5.7,-8.5
87,Taraclia,2022,6734.7,7540.5,7953.6,8894.5,7559.1,8.6,14.5,2.4,549.1,745.5,1132.4,14.3,827.9,1.0,11.1,5.0,-5.9
87,Taraclia,2023,6655.8,9044.3,9176.9,10409.9,8736.2,8.4,13.2,2.2,630.2,746.4,1133.8,14.3,1200.3,1.4,11.9,5.3,-4.8
87,Taraclia,2024,7389.1,10439.6,10659.3,12396.9,10023.0,9.0,15.4,2.5,751.0,745.7,1132.9,14.3,1475.4,1.7,15.2,4.7,-6.3
89,Telenesti,2003,,,,,,11.6,11.7,2.6,,,,,,,16.0,6.2,-0.1
89,Telenesti,2004,,,,,,11.5,11.7,2.5,,,,,,,11.4,6.6,-0.2
89,Telenesti,2005,,,,,,11.5,12.5,2.9,,1263.6,1629.3,26.9,,,12.6,6.9,-1.0
89,Telenesti,2006,,,,,,11.5,12.2,2.5,,1263.6,1629.3,26.9,,,11.5,6.7,-0.7
89,Telenesti,2007,,,,,,11.5,11.5,2.7,,1255.7,1621.6,26.8,,,15.0,6.7,
89,Telenesti,2008,,,,,,11.7,11.8,2.3,,1256.2,1622.3,26.9,49.1,0.2,11.5,6.8,-0.1
89,Telenesti,2009,,,,,,12.4,12.4,2.8,,1255.5,1621.3,26.8,53.6,0.2,11.9,6.7,
89,Telenesti,2010,,,,,,11.5,13.4,2.8,,1267.5,1632.4,25.6,68.7,0.2,20.8,6.7,-1.9
89,Telenesti,2011,,,,,,11.6,11.3,2.8,,1267.5,1632.2,25.6,76.9,0.2,13.9,6.0,0.3
89,Telenesti,2012,,,,,,11.4,12.0,2.7,,1267.6,1632.4,25.6,103.8,0.3,9.5,6.3,-0.6
89,Telenesti,2013,,,,,,11.4,10.9,2.9,,1267.1,1631.5,25.5,114.2,0.3,12.0,6.8,0.5
89,Telenesti,2014,,,,,,16.5,15.1,4.5,,1267.3,1632.3,25.5,121.5,0.3,12.8,9.3,1.4
89,Telenesti,2015,2888.1,3266.8,3674.1,4323.5,3453.5,16.0,16.2,3.6,214.2,1267.4,1632.4,25.5,136.4,0.3,8.9,8.8,-0.3
89,Telenesti,2016,3967.0,3421.7,3565.2,4600.9,3738.7,15.9,15.6,3.7,238.5,1309.2,1687.0,24.7,146.6,0.3,11.5,8.4,0.3
89,Telenesti,2017,3896.4,4118.1,3726.9,3776.2,3821.2,15.5,14.9,2.9,243.2,1324.6,1695.8,24.5,199.3,0.4,14.7,7.9,0.5
89,Telenesti,2018,3600.8,4215.7,5045.6,5067.1,4631.0,15.0,16.0,3.3,277.9,1326.6,1699.2,24.5,226.7,0.4,11.8,8.4,-1.0
89,Telenesti,2019,4248.4,5151.5,5792.7,5689.4,5244.3,13.8,15.3,2.8,312.8,1329.3,1702.7,24.6,260.5,0.4,5.9,9.3,-1.5
89,Telenesti,2020,4110.0,5721.9,6158.6,6372.9,5704.0,13.1,16.8,3.0,347.2,1330.2,1704.1,24.6,276.8,0.4,9.6,7.0,-3.7
89,Telenesti,2021,5053.1,6184.0,8191.5,7027.4,6645.2,12.5,19.2,3.6,443.6,1331.4,1705.8,24.6,362.1,0.5,12.1,8.7,-6.6
89,Telenesti,2022,6518.4,7083.2,8666.1,8146.2,7480.4,12.8,17.9,3.8,474.7,1334.9,1710.6,24.6,475.5,0.6,21.1,8.3,-5.0
89,Telenesti,2023,6916.3,8495.0,10668.2,9536.7,8711.3,11.2,15.6,3.1,534.9,1335.0,1710.7,24.6,164.0,0.2,6.3,7.2,-4.4
89,Telenesti,2024,9780.9,9532.7,10859.2,11342.2,10095.3,11.2,17.1,2.7,587.0,1336.4,1712.6,24.6,167.9,0.2,10.8,6.6,-5.8
92,Ungheni,2003,,,,,,11.6,12.3,2.7,,,,,,,14.6,6.0,-0.7
92,Ungheni,2004,,,,,,12.3,11.3,3.1,,,,,,,15.9,6.2,1.0
92,Ungheni,2005,,,,,,11.5,13.0,3.2,,1595.5,2307.5,38.5,,,14.4,6.4,-1.5
92,Ungheni,2006,,,,,,12.0,12.0,3.5,,1604.8,2324.8,38.7,,,12.1,6.4,
92,Ungheni,2007,,,,,,12.2,11.7,3.3,,1606.4,2327.7,38.7,,,11.9,7.5,0.5
92,Ungheni,2008,,,,,,12.4,11.9,2.7,,1605.3,2327.5,38.7,720.9,2.5,14.5,7.6,0.5
92,Ungheni,2009,,,,,,13.0,11.6,3.3,,1606.6,2329.7,38.7,515.3,2.3,11.9,7.6,1.4
92,Ungheni,2010,,,,,,12.9,12.1,2.5,,1672.4,2368.3,39.1,626.8,2.2,14.5,7.3,0.8
92,Ungheni,2011,,,,,,12.6,11.3,2.9,,1678.0,2370.8,39.1,1137.4,3.3,12.1,6.8,1.3
92,Ungheni,2012,,,,,,13.1,11.0,3.0,,1679.4,2373.9,38.9,1388.1,3.8,10.5,6.9,2.1
92,Ungheni,2013,,,,,,12.9,10.7,3.1,,1646.1,2340.1,38.3,1615.0,4.1,8.6,7.3,2.2
92,Ungheni,2014,,,,,,16.3,12.9,3.9,,1651.4,2358.8,38.6,1847.8,4.3,7.7,8.3,3.4
92,Ungheni,2015,2805.4,3515.6,4459.8,5013.9,3724.3,16.3,13.6,3.9,624.6,1652.5,2363.2,38.6,1994.6,4.4,9.6,8.1,2.6
92,Ungheni,2016,3146.2,3719.5,4946.2,5226.9,4096.3,15.7,13.6,3.5,699.2,1775.9,2550.9,38.1,2287.6,4.8,12.1,7.7,2.0
92,Ungheni,2017,4482.8,4284.8,4512.3,4669.0,4600.1,15.6,12.5,2.6,760.5,1792.5,2586.3,38.5,2310.7,4.4,6.8,7.3,3.1
92,Ungheni,2018,3737.8,4672.6,5742.5,6852.4,5087.6,15.2,13.8,4.1,865.0,1793.5,2588.3,38.5,2462.2,4.3,12.2,6.8,1.4
92,Ungheni,2019,4420.0,5702.7,6290.9,7635.8,5827.5,13.4,13.0,5.4,992.8,1797.3,2595.6,38.5,2495.3,4.2,9.2,7.1,0.4
92,Ungheni,2020,4593.9,6482.4,6668.3,8563.0,6415.7,12.9,14.6,4.2,1057.9,1802.7,2602.8,38.6,2443.0,4.1,7.9,5.5,-1.7
92,Ungheni,2021,5243.9,6894.9,7601.5,8296.8,7140.5,12.4,16.3,4.2,1228.8,1809.0,2610.8,38.6,2872.7,4.0,4.7,8.0,-3.9
92,Ungheni,2022,6072.7,7690.4,9955.0,9986.6,8435.2,12.5,13.7,4.5,1417.6,1818.7,2624.1,38.8,2961.8,3.5,8.7,6.5,-1.2
92,Ungheni,2023,7801.9,9331.8,11459.1,11175.4,9917.8,11.8,13.4,5.3,1701.3,1824.6,2632.8,38.9,2565.4,2.9,14.8,6.0,-1.6
92,Ungheni,2024,8762.6,10609.6,12035.0,15211.0,11321.4,11.7,13.4,4.4,1925.0,1826.8,2639.2,38.9,2325.4,2.7,10.9,6.0,-1.7
96,UTA Gagauzia,2003,,,,,,11.0,11.8,12.2,,,,,,,15.6,10.2,-0.8
96,UTA Gagauzia,2004,,,,,,11.6,11.1,8.9,,,,,,,10.4,11.0,0.5
96,UTA Gagauzia,2005,,,,,,12.1,12.1,6.9,,2402.6,3540.2,50.6,,,6.3,11.4,
96,UTA Gagauzia,2006,,,,,,11.8,11.6,6.2,,2406.7,3547.4,50.6,,,13.3,12.4,0.2
96,UTA Gagauzia,2007,,,,,,11.9,12.3,7.9,,2420.0,3566.0,50.7,,,12.7,13.2,-0.4
96,UTA Gagauzia,2008,,,,,,12.4,10.9,5.6,,2430.6,3580.6,50.8,887.8,3.1,11.7,9.4,1.5
96,UTA Gagauzia,2009,,,,,,14.0,11.6,3.9,,2443.2,3599.2,51.0,746.4,3.3,13.2,8.9,2.4
96,UTA Gagauzia,2010,,,,,,12.7,11.7,3.2,,2459.2,3617.3,51.3,919.8,3.3,12.7,7.8,1.1
96,UTA Gagauzia,2011,,,,,,12.9,10.7,3.0,,2440.3,3583.1,50.4,1026.0,3.0,9.2,7.9,2.2
96,UTA Gagauzia,2012,,,,,,12.8,10.4,2.7,,2506.8,3597.7,50.6,1156.5,3.2,10.7,6.9,2.4
96,UTA Gagauzia,2013,,,,,,11.8,9.9,2.5,,2515.1,3610.2,50.7,1318.7,3.3,9.4,6.9,1.8
96,UTA Gagauzia,2014,,,,,,15.9,14.9,3.7,,2524.9,3623.7,50.8,1266.2,2.9,7.7,9.9,1.0
96,UTA Gagauzia,2015,2587.4,3455.3,3990.8,4889.2,3553.2,15.3,14.0,3.4,922.0,2534.0,3630.9,50.8,1406.7,3.1,8.7,8.4,1.3
96,UTA Gagauzia,2016,3016.5,3659.1,4359.1,5154.5,3867.1,15.0,13.1,2.9,1021.8,2927.8,4157.9,50.6,1567.4,3.3,7.8,7.7,1.9
96,UTA Gagauzia,2017,3316.2,4076.9,4841.0,5504.3,4268.2,13.4,13.2,2.6,1157.6,2935.0,4169.3,50.7,1928.0,3.6,6.2,6.6,0.3
96,UTA Gagauzia,2018,3808.4,4593.5,5409.3,6111.9,4799.5,12.8,13.0,2.8,1339.7,2940.0,4177.3,50.7,1952.5,3.5,9.0,6.2,-0.2
96,UTA Gagauzia,2019,4241.2,5753.5,6127.2,6904.9,5554.9,12.6,12.2,2.8,1568.9,2950.3,4191.1,50.8,1982.8,3.3,7.8,6.7,0.4
96,UTA Gagauzia,2020,4596.5,6410.6,7124.5,7650.8,6150.7,12.4,14.5,2.5,1770.2,2961.5,4206.6,50.9,2043.9,3.4,9.9,5.8,-2.1
96,UTA Gagauzia,2021,5450.2,6799.4,7910.9,8962.8,6999.6,12.0,16.0,3.1,2088.6,2973.1,4223.3,51.1,2506.1,3.6,6.9,6.5,-4.0
96,UTA Gagauzia,2022,6177.7,7526.2,8661.0,9803.2,7714.0,10.0,12.7,3.0,2241.9,2985.7,4241.0,51.2,3060.1,3.6,4.2,6.0,-2.7
96,UTA Gagauzia,2023,7194.4,8960.7,9388.2,10842.1,8771.5,9.4,12.5,2.7,2510.5,2997.5,4255.5,51.3,2736.9,3.1,11.9,5.9,-3.1
96,UTA Gagauzia,2024,7717.4,10407.3,11267.8,13206.7,10221.1,9.5,13.0,2.9,2819.7,3013.4,4288.2,51.3,2942.6,3.4,9.2,6.0,-3.5
